Id,Label,timeset,componentnumber,modularity_class
0,0,,0,15
1,1,,0,9
2,2,,0,16
3,3,,0,29
4,4,,0,9
5,5,,0,9
6,6,,0,9
7,7,,0,13
8,8,,0,13
9,9,,0,2
10,10,,0,2
11,11,,0,2
12,12,,0,29
13,13,,0,29
14,14,,0,22
15,15,,0,9
16,16,,0,16
17,17,,0,8
18,18,,0,9
19,19,,0,22
20,20,,0,8
21,21,,0,5
22,22,,0,21
23,23,,0,22
24,24,,0,8
25,25,,0,13
26,26,,0,29
27,27,,0,16
28,28,,0,2
29,29,,0,9
30,30,,0,22
31,31,,0,13
32,32,,0,22
33,33,,0,4
34,34,,0,17
35,35,,0,8
36,36,,0,21
37,37,,0,15
38,38,,0,9
39,39,,0,5
40,40,,0,15
41,41,,0,21
42,42,,0,8
43,43,,0,3
44,44,,0,18
45,45,,0,2
46,46,,0,21
47,47,,0,22
48,48,,0,21
49,49,,0,22
50,50,,0,22
51,51,,0,8
52,52,,0,5
53,53,,0,5
54,54,,0,22
55,55,,0,16
56,56,,0,29
57,57,,0,16
58,58,,0,13
59,59,,0,2
60,60,,0,8
61,61,,0,22
62,62,,0,9
63,63,,0,8
64,64,,0,22
65,65,,0,17
66,66,,0,21
67,67,,0,2
68,68,,0,5
69,69,,0,15
70,70,,0,15
71,71,,0,9
72,72,,0,13
73,73,,0,2
74,74,,0,2
75,75,,0,9
76,76,,0,22
77,77,,0,22
78,78,,0,29
79,79,,0,13
80,80,,0,9
81,81,,0,5
82,82,,0,17
83,83,,0,16
84,84,,0,8
85,85,,0,16
86,86,,0,22
87,87,,0,5
88,88,,0,2
89,89,,0,8
90,90,,0,2
91,91,,0,29
92,92,,0,16
93,93,,0,22
94,94,,0,16
95,95,,0,16
96,96,,0,4
97,97,,0,21
98,98,,1,0
99,99,,0,8
100,100,,0,4
101,101,,0,8
102,102,,0,16
103,103,,0,5
104,104,,0,5
105,105,,0,5
106,106,,0,22
107,107,,0,9
108,108,,0,2
109,109,,0,9
110,110,,0,2
111,111,,0,9
112,112,,0,17
113,113,,0,22
114,114,,0,4
115,115,,0,30
116,116,,0,16
117,117,,0,15
118,118,,0,13
119,119,,2,0
120,120,,0,9
121,121,,0,8
122,122,,0,5
123,123,,0,16
124,124,,0,9
125,125,,0,17
126,126,,0,28
127,127,,0,8
128,128,,0,2
129,129,,3,0
130,130,,0,16
131,131,,0,2
132,132,,0,17
133,133,,0,4
134,134,,0,9
135,135,,0,9
136,136,,0,15
137,137,,0,9
138,138,,0,15
139,139,,0,16
140,140,,0,15
141,141,,0,2
142,142,,0,4
143,143,,0,15
144,144,,0,15
145,145,,0,2
146,146,,0,21
147,147,,0,8
148,148,,0,22
149,149,,0,8
150,150,,0,8
151,151,,0,9
152,152,,0,9
153,153,,0,9
154,154,,0,9
155,155,,0,16
156,156,,0,4
157,157,,0,2
158,158,,0,2
159,159,,0,26
160,160,,0,4
161,161,,0,9
162,162,,0,4
163,163,,0,13
164,164,,0,2
165,165,,0,16
166,166,,0,2
167,167,,0,4
168,168,,0,4
169,169,,0,13
170,170,,0,13
171,171,,0,9
172,172,,0,2
173,173,,0,8
174,174,,0,13
175,175,,0,10
176,176,,0,17
177,177,,0,5
178,178,,0,5
179,179,,0,8
180,180,,0,13
181,181,,0,15
182,182,,0,13
183,183,,0,13
184,184,,0,22
185,185,,0,15
186,186,,0,9
187,187,,0,21
188,188,,0,5
189,189,,0,5
190,190,,0,9
191,191,,0,8
192,192,,0,16
193,193,,0,30
194,194,,0,16
195,195,,4,0
196,196,,0,9
197,197,,0,16
198,198,,0,9
199,199,,0,9
200,200,,0,4
201,201,,0,4
202,202,,0,9
203,203,,0,22
204,204,,0,2
205,205,,0,8
206,206,,0,9
207,207,,0,22
208,208,,0,13
209,209,,0,29
210,210,,0,26
211,211,,0,15
212,212,,0,22
213,213,,0,22
214,214,,0,2
215,215,,0,17
216,216,,0,2
217,217,,0,4
218,218,,0,8
219,219,,0,17
220,220,,0,4
221,221,,0,2
222,222,,0,26
223,223,,0,13
224,224,,0,5
225,225,,0,13
226,226,,0,17
227,227,,0,2
228,228,,0,16
229,229,,0,17
230,230,,0,15
231,231,,0,17
232,232,,0,13
233,233,,0,5
234,234,,0,7
235,235,,0,8
236,236,,0,15
237,237,,0,9
238,238,,0,13
239,239,,0,2
240,240,,0,16
241,241,,0,15
242,242,,0,9
243,243,,5,0
244,244,,0,16
245,245,,0,9
246,246,,0,9
247,247,,0,26
248,248,,0,16
249,249,,0,29
250,250,,0,29
251,251,,0,13
252,252,,0,22
253,253,,0,29
254,254,,0,29
255,255,,0,22
256,256,,0,15
257,257,,0,15
258,258,,0,22
259,259,,0,15
260,260,,6,0
261,261,,0,30
262,262,,0,13
263,263,,0,15
264,264,,0,29
265,265,,0,15
266,266,,0,22
267,267,,7,0
268,268,,0,5
269,269,,0,22
270,270,,0,4
271,271,,0,8
272,272,,0,9
273,273,,0,17
274,274,,0,8
275,275,,0,6
276,276,,0,9
277,277,,0,8
278,278,,0,16
279,279,,0,9
280,280,,0,16
281,281,,0,15
282,282,,0,9
283,283,,0,9
284,284,,0,9
285,285,,0,9
286,286,,0,9
287,287,,0,22
288,288,,0,29
289,289,,0,16
290,290,,0,8
291,291,,0,5
292,292,,0,22
293,293,,0,13
294,294,,0,2
295,295,,0,13
296,296,,0,8
297,297,,0,13
298,298,,0,16
299,299,,0,32
300,300,,0,16
301,301,,0,4
302,302,,0,4
303,303,,0,21
304,304,,0,9
305,305,,0,15
306,306,,0,22
307,307,,0,13
308,308,,0,5
309,309,,0,5
310,310,,0,13
311,311,,0,22
312,312,,0,22
313,313,,0,9
314,314,,0,8
315,315,,0,8
316,316,,0,29
317,317,,0,4
318,318,,0,2
319,319,,0,5
320,320,,0,8
321,321,,0,17
322,322,,0,15
323,323,,0,2
324,324,,0,15
325,325,,0,9
326,326,,0,9
327,327,,0,5
328,328,,0,4
329,329,,0,9
330,330,,8,0
331,331,,0,22
332,332,,0,21
333,333,,0,15
334,334,,0,2
335,335,,0,5
336,336,,0,21
337,337,,0,21
338,338,,0,13
339,339,,0,9
340,340,,0,15
341,341,,0,8
342,342,,0,8
343,343,,0,5
344,344,,0,5
345,345,,0,9
346,346,,0,4
347,347,,0,4
348,348,,0,26
349,349,,0,9
350,350,,0,5
351,351,,0,9
352,352,,0,15
353,353,,0,5
354,354,,0,9
355,355,,0,22
356,356,,0,2
357,357,,0,15
358,358,,0,17
359,359,,0,22
360,360,,0,21
361,361,,0,15
362,362,,0,4
363,363,,0,16
364,364,,0,2
365,365,,0,8
366,366,,0,9
367,367,,0,16
368,368,,0,9
369,369,,0,7
370,370,,0,9
371,371,,9,0
372,372,,0,16
373,373,,0,16
374,374,,0,9
375,375,,0,4
376,376,,0,22
377,377,,0,9
378,378,,0,16
379,379,,0,22
380,380,,0,22
381,381,,0,9
382,382,,0,8
383,383,,0,8
384,384,,0,4
385,385,,0,4
386,386,,0,13
387,387,,0,8
388,388,,0,29
389,389,,0,8
390,390,,0,22
391,391,,0,13
392,392,,10,0
393,393,,0,2
394,394,,0,2
395,395,,0,13
396,396,,0,5
397,397,,0,17
398,398,,0,8
399,399,,0,13
400,400,,0,8
401,401,,0,5
402,402,,0,9
403,403,,11,0
404,404,,0,15
405,405,,0,8
406,406,,0,17
407,407,,0,29
408,408,,0,21
409,409,,0,22
410,410,,0,9
411,411,,0,22
412,412,,0,13
413,413,,0,13
414,414,,0,4
415,415,,0,8
416,416,,0,22
417,417,,0,9
418,418,,0,13
419,419,,0,2
420,420,,0,4
421,421,,0,2
422,422,,0,15
423,423,,0,29
424,424,,0,9
425,425,,0,9
426,426,,0,4
427,427,,0,2
428,428,,0,8
429,429,,0,9
430,430,,0,25
431,431,,0,9
432,432,,0,15
433,433,,0,2
434,434,,0,2
435,435,,0,15
436,436,,0,15
437,437,,0,8
438,438,,0,9
439,439,,0,8
440,440,,0,8
441,441,,0,15
442,442,,0,17
443,443,,0,8
444,444,,0,9
445,445,,0,15
446,446,,0,17
447,447,,0,5
448,448,,0,5
449,449,,0,4
450,450,,0,22
451,451,,0,5
452,452,,0,22
453,453,,0,5
454,454,,0,22
455,455,,0,29
456,456,,0,16
457,457,,0,16
458,458,,0,5
459,459,,0,22
460,460,,0,8
461,461,,0,9
462,462,,0,5
463,463,,0,5
464,464,,0,22
465,465,,0,9
466,466,,0,13
467,467,,0,9
468,468,,0,16
469,469,,0,15
470,470,,0,9
471,471,,0,9
472,472,,0,5
473,473,,0,9
474,474,,0,17
475,475,,0,9
476,476,,0,17
477,477,,0,16
478,478,,0,9
479,479,,0,8
480,480,,0,4
481,481,,0,16
482,482,,0,5
483,483,,0,8
484,484,,0,8
485,485,,0,15
486,486,,0,17
487,487,,0,15
488,488,,0,29
489,489,,0,29
490,490,,0,16
491,491,,0,2
492,492,,0,8
493,493,,0,9
494,494,,0,4
495,495,,0,4
496,496,,0,16
497,497,,12,0
498,498,,0,9
499,499,,0,2
500,500,,0,9
501,501,,0,8
502,502,,0,33
503,503,,0,8
504,504,,0,9
505,505,,0,9
506,506,,0,9
507,507,,0,13
508,508,,0,21
509,509,,0,9
510,510,,0,8
511,511,,0,9
512,512,,0,17
513,513,,0,16
514,514,,0,5
515,515,,0,9
516,516,,0,8
517,517,,0,16
518,518,,0,16
519,519,,0,9
520,520,,0,22
521,521,,0,13
522,522,,0,15
523,523,,0,15
524,524,,0,15
525,525,,0,16
526,526,,0,5
527,527,,0,17
528,528,,0,5
529,529,,0,21
530,530,,13,0
531,531,,0,29
532,532,,0,30
533,533,,0,21
534,534,,0,9
535,535,,0,22
536,536,,0,22
537,537,,0,22
538,538,,0,2
539,539,,0,8
540,540,,0,20
541,541,,0,15
542,542,,0,13
543,543,,0,22
544,544,,0,8
545,545,,0,5
546,546,,0,17
547,547,,0,22
548,548,,0,9
549,549,,0,16
550,550,,0,4
551,551,,0,9
552,552,,0,9
553,553,,0,9
554,554,,0,9
555,555,,0,9
556,556,,0,5
557,557,,0,8
558,558,,0,9
559,559,,0,9
560,560,,0,16
561,561,,0,9
562,562,,0,15
563,563,,0,5
564,564,,0,4
565,565,,0,16
566,566,,0,13
567,567,,0,2
568,568,,0,15
569,569,,0,4
570,570,,0,15
571,571,,0,15
572,572,,0,16
573,573,,0,8
574,574,,0,16
575,575,,0,8
576,576,,0,2
577,577,,0,24
578,578,,0,16
579,579,,0,8
580,580,,0,8
581,581,,0,15
582,582,,0,16
583,583,,0,2
584,584,,0,12
585,585,,0,29
586,586,,0,15
587,587,,0,9
588,588,,0,15
589,589,,0,4
590,590,,0,17
591,591,,0,8
592,592,,14,0
593,593,,0,9
594,594,,0,15
595,595,,0,4
596,596,,0,29
597,597,,0,4
598,598,,0,15
599,599,,0,16
600,600,,0,15
601,601,,0,2
602,602,,0,8
603,603,,0,4
604,604,,0,13
605,605,,0,13
606,606,,0,29
607,607,,0,16
608,608,,0,16
609,609,,0,5
610,610,,0,9
611,611,,0,15
612,612,,0,9
613,613,,0,5
614,614,,0,15
615,615,,0,2
616,616,,0,15
617,617,,0,15
618,618,,0,16
619,619,,0,15
620,620,,0,9
621,621,,0,8
622,622,,0,9
623,623,,0,29
624,624,,0,22
625,625,,0,5
626,626,,0,21
627,627,,0,9
628,628,,15,0
629,629,,16,0
630,630,,0,21
631,631,,0,5
632,632,,0,22
633,633,,0,2
634,634,,0,30
635,635,,0,32
636,636,,0,9
637,637,,0,4
638,638,,0,9
639,639,,0,5
640,640,,0,13
641,641,,17,0
642,642,,0,5
643,643,,0,29
644,644,,0,4
645,645,,0,2
646,646,,0,9
647,647,,0,9
648,648,,0,21
649,649,,0,9
650,650,,0,9
651,651,,0,15
652,652,,0,2
653,653,,0,2
654,654,,18,0
655,655,,0,2
656,656,,0,2
657,657,,0,15
658,658,,0,10
659,659,,0,13
660,660,,0,13
661,661,,0,9
662,662,,0,13
663,663,,0,9
664,664,,0,4
665,665,,0,11
666,666,,0,22
667,667,,0,4
668,668,,0,5
669,669,,0,15
670,670,,0,29
671,671,,0,4
672,672,,0,2
673,673,,0,16
674,674,,0,22
675,675,,0,2
676,676,,0,15
677,677,,0,21
678,678,,0,2
679,679,,0,15
680,680,,0,22
681,681,,0,4
682,682,,0,4
683,683,,0,15
684,684,,0,4
685,685,,0,22
686,686,,0,4
687,687,,0,4
688,688,,0,21
689,689,,0,22
690,690,,0,2
691,691,,0,2
692,692,,0,4
693,693,,0,21
694,694,,0,8
695,695,,0,9
696,696,,0,15
697,697,,0,2
698,698,,0,5
699,699,,0,2
700,700,,0,8
701,701,,0,2
702,702,,0,15
703,703,,0,22
704,704,,0,2
705,705,,0,9
706,706,,0,4
707,707,,0,22
708,708,,0,9
709,709,,0,22
710,710,,0,9
711,711,,0,21
712,712,,0,5
713,713,,0,4
714,714,,0,9
715,715,,0,13
716,716,,0,8
717,717,,0,15
718,718,,0,15
719,719,,0,15
720,720,,0,15
721,721,,0,8
722,722,,0,15
723,723,,0,5
724,724,,0,22
725,725,,0,9
726,726,,0,17
727,727,,0,2
728,728,,0,22
729,729,,0,2
730,730,,0,29
731,731,,0,9
732,732,,0,16
733,733,,0,13
734,734,,0,15
735,735,,0,15
736,736,,0,8
737,737,,0,4
738,738,,0,8
739,739,,0,22
740,740,,0,4
741,741,,0,9
742,742,,0,9
743,743,,0,17
744,744,,0,9
745,745,,0,9
746,746,,0,13
747,747,,0,16
748,748,,0,9
749,749,,0,16
750,750,,0,15
751,751,,0,8
752,752,,0,4
753,753,,0,13
754,754,,0,2
755,755,,0,2
756,756,,0,2
757,757,,0,17
758,758,,0,9
759,759,,0,2
760,760,,0,17
761,761,,0,4
762,762,,0,8
763,763,,0,17
764,764,,0,5
765,765,,0,9
766,766,,0,30
767,767,,0,17
768,768,,0,15
769,769,,0,8
770,770,,0,17
771,771,,0,9
772,772,,0,15
773,773,,0,8
774,774,,0,9
775,775,,0,9
776,776,,0,9
777,777,,0,15
778,778,,0,22
779,779,,0,8
780,780,,0,22
781,781,,0,15
782,782,,0,15
783,783,,0,29
784,784,,0,15
785,785,,0,22
786,786,,0,9
787,787,,0,2
788,788,,0,2
789,789,,19,0
790,790,,20,0
791,791,,0,13
792,792,,0,22
793,793,,0,29
794,794,,0,2
795,795,,0,17
796,796,,0,13
797,797,,0,22
798,798,,0,15
799,799,,0,15
800,800,,0,9
801,801,,0,26
802,802,,0,2
803,803,,0,5
804,804,,0,2
805,805,,0,2
806,806,,0,8
807,807,,0,8
808,808,,0,4
809,809,,0,15
810,810,,0,5
811,811,,0,8
812,812,,0,5
813,813,,0,13
814,814,,0,11
815,815,,0,9
816,816,,0,21
817,817,,0,4
818,818,,0,29
819,819,,0,5
820,820,,0,9
821,821,,0,16
822,822,,0,5
823,823,,0,13
824,824,,0,4
825,825,,0,22
826,826,,0,27
827,827,,21,0
828,828,,0,9
829,829,,0,16
830,830,,0,16
831,831,,0,22
832,832,,0,2
833,833,,0,9
834,834,,0,13
835,835,,0,26
836,836,,0,9
837,837,,0,8
838,838,,0,13
839,839,,0,14
840,840,,0,29
841,841,,0,22
842,842,,0,16
843,843,,0,8
844,844,,0,16
845,845,,22,0
846,846,,0,22
847,847,,0,22
848,848,,0,5
849,849,,0,29
850,850,,0,21
851,851,,0,21
852,852,,0,4
853,853,,0,16
854,854,,0,9
855,855,,0,15
856,856,,0,2
857,857,,0,9
858,858,,0,22
859,859,,0,2
860,860,,0,15
861,861,,0,17
862,862,,0,4
863,863,,0,13
864,864,,0,8
865,865,,0,9
866,866,,0,22
867,867,,0,13
868,868,,0,2
869,869,,0,4
870,870,,0,9
871,871,,0,29
872,872,,0,22
873,873,,0,13
874,874,,0,21
875,875,,0,16
876,876,,0,13
877,877,,0,15
878,878,,0,5
879,879,,0,8
880,880,,0,5
881,881,,0,17
882,882,,0,4
883,883,,0,17
884,884,,0,9
885,885,,0,2
886,886,,0,21
887,887,,0,16
888,888,,0,29
889,889,,0,8
890,890,,0,13
891,891,,0,9
892,892,,0,8
893,893,,0,9
894,894,,0,15
895,895,,0,8
896,896,,0,2
897,897,,0,13
898,898,,0,13
899,899,,0,2
900,900,,0,15
901,901,,0,15
902,902,,0,13
903,903,,0,15
904,904,,0,5
905,905,,0,4
906,906,,0,15
907,907,,0,4
908,908,,0,15
909,909,,0,2
910,910,,0,22
911,911,,0,2
912,912,,0,5
913,913,,0,16
914,914,,0,5
915,915,,0,29
916,916,,0,9
917,917,,0,9
918,918,,0,9
919,919,,0,22
920,920,,0,17
921,921,,23,0
922,922,,0,8
923,923,,0,5
924,924,,0,19
925,925,,0,22
926,926,,0,2
927,927,,0,9
928,928,,0,29
929,929,,0,21
930,930,,0,16
931,931,,0,29
932,932,,0,5
933,933,,0,16
934,934,,0,15
935,935,,0,13
936,936,,0,17
937,937,,0,17
938,938,,0,13
939,939,,0,15
940,940,,0,26
941,941,,0,8
942,942,,24,0
943,943,,0,13
944,944,,0,8
945,945,,0,5
946,946,,0,9
947,947,,0,22
948,948,,0,9
949,949,,0,9
950,950,,0,9
951,951,,0,22
952,952,,0,15
953,953,,0,17
954,954,,0,15
955,955,,0,16
956,956,,0,2
957,957,,0,16
958,958,,0,29
959,959,,0,9
960,960,,25,0
961,961,,0,17
962,962,,0,9
963,963,,0,15
964,964,,0,21
965,965,,0,13
966,966,,0,15
967,967,,0,30
968,968,,0,4
969,969,,0,15
970,970,,0,15
971,971,,0,15
972,972,,0,29
973,973,,0,22
974,974,,0,2
975,975,,0,22
976,976,,0,17
977,977,,0,15
978,978,,0,5
979,979,,0,9
980,980,,0,21
981,981,,0,8
982,982,,0,9
983,983,,0,16
984,984,,0,16
985,985,,0,5
986,986,,0,9
987,987,,0,9
988,988,,0,13
989,989,,0,15
990,990,,0,15
991,991,,0,9
992,992,,0,21
993,993,,0,22
994,994,,0,9
995,995,,0,2
996,996,,0,4
997,997,,0,9
998,998,,0,9
999,999,,0,15
1000,1000,,0,2
1001,1001,,0,17
1002,1002,,0,5
1003,1003,,0,13
1004,1004,,0,13
1005,1005,,0,4
1006,1006,,0,8
1007,1007,,0,29
1008,1008,,0,29
1009,1009,,0,2
1010,1010,,0,16
1011,1011,,0,2
1012,1012,,0,22
1013,1013,,0,8
1014,1014,,0,13
1015,1015,,0,4
1016,1016,,0,5
1017,1017,,0,13
1018,1018,,0,5
1019,1019,,0,26
1020,1020,,0,2
1021,1021,,0,22
1022,1022,,0,22
1023,1023,,0,2
1024,1024,,0,22
1025,1025,,0,29
1026,1026,,0,5
1027,1027,,0,17
1028,1028,,0,8
1029,1029,,0,16
1030,1030,,0,9
1031,1031,,0,16
1032,1032,,0,9
1033,1033,,0,9
1034,1034,,0,9
1035,1035,,0,20
1036,1036,,0,9
1037,1037,,0,22
1038,1038,,0,21
1039,1039,,0,2
1040,1040,,0,3
1041,1041,,0,9
1042,1042,,26,0
1043,1043,,0,9
1044,1044,,0,9
1045,1045,,27,0
1046,1046,,0,4
1047,1047,,0,9
1048,1048,,0,15
1049,1049,,0,9
1050,1050,,0,2
1051,1051,,0,2
1052,1052,,0,2
1053,1053,,0,2
1054,1054,,0,2
1055,1055,,0,2
1056,1056,,0,2
1057,1057,,0,2
1058,1058,,0,21
1059,1059,,0,13
1060,1060,,0,9
1061,1061,,0,9
1062,1062,,0,4
1063,1063,,0,8
1064,1064,,0,15
1065,1065,,0,5
1066,1066,,0,21
1067,1067,,0,16
1068,1068,,0,16
1069,1069,,0,13
1070,1070,,0,8
1071,1071,,0,22
1072,1072,,0,13
1073,1073,,0,9
1074,1074,,0,2
1075,1075,,0,9
1076,1076,,0,16
1077,1077,,0,4
1078,1078,,0,15
1079,1079,,0,9
1080,1080,,0,22
1081,1081,,0,9
1082,1082,,0,16
1083,1083,,0,22
1084,1084,,0,9
1085,1085,,0,13
1086,1086,,0,29
1087,1087,,0,9
1088,1088,,0,13
1089,1089,,0,9
1090,1090,,0,9
1091,1091,,0,8
1092,1092,,0,9
1093,1093,,0,9
1094,1094,,0,9
1095,1095,,0,5
1096,1096,,0,16
1097,1097,,0,22
1098,1098,,0,5
1099,1099,,0,9
1100,1100,,0,8
1101,1101,,0,22
1102,1102,,0,2
1103,1103,,0,5
1104,1104,,0,15
1105,1105,,0,8
1106,1106,,0,2
1107,1107,,0,22
1108,1108,,0,4
1109,1109,,0,22
1110,1110,,0,16
1111,1111,,0,21
1112,1112,,0,9
1113,1113,,0,9
1114,1114,,0,8
1115,1115,,0,13
1116,1116,,0,21
1117,1117,,0,16
1118,1118,,0,16
1119,1119,,0,21
1120,1120,,0,22
1121,1121,,0,9
1122,1122,,0,9
1123,1123,,0,22
1124,1124,,0,4
1125,1125,,0,26
1126,1126,,0,8
1127,1127,,0,9
1128,1128,,0,25
1129,1129,,0,2
1130,1130,,0,22
1131,1131,,0,9
1132,1132,,0,16
1133,1133,,0,9
1134,1134,,0,13
1135,1135,,0,8
1136,1136,,0,9
1137,1137,,0,28
1138,1138,,0,9
1139,1139,,0,6
1140,1140,,0,31
1141,1141,,0,15
1142,1142,,0,5
1143,1143,,0,16
1144,1144,,0,29
1145,1145,,0,22
1146,1146,,0,16
1147,1147,,0,22
1148,1148,,0,15
1149,1149,,0,4
1150,1150,,0,8
1151,1151,,0,8
1152,1152,,0,2
1153,1153,,0,9
1154,1154,,0,5
1155,1155,,0,4
1156,1156,,0,5
1157,1157,,0,29
1158,1158,,0,9
1159,1159,,0,22
1160,1160,,0,9
1161,1161,,0,9
1162,1162,,0,22
1163,1163,,0,17
1164,1164,,0,8
1165,1165,,0,13
1166,1166,,0,17
1167,1167,,0,16
1168,1168,,0,9
1169,1169,,0,16
1170,1170,,0,9
1171,1171,,0,8
1172,1172,,0,9
1173,1173,,0,4
1174,1174,,0,22
1175,1175,,0,5
1176,1176,,0,2
1177,1177,,0,2
1178,1178,,0,9
1179,1179,,0,9
1180,1180,,28,0
1181,1181,,0,16
1182,1182,,0,5
1183,1183,,0,8
1184,1184,,0,9
1185,1185,,0,9
1186,1186,,0,22
1187,1187,,0,22
1188,1188,,0,16
1189,1189,,0,9
1190,1190,,0,15
1191,1191,,0,22
1192,1192,,0,16
1193,1193,,0,8
1194,1194,,0,13
1195,1195,,0,22
1196,1196,,0,9
1197,1197,,0,22
1198,1198,,0,9
1199,1199,,0,15
1200,1200,,0,22
1201,1201,,0,15
1202,1202,,0,9
1203,1203,,0,16
1204,1204,,0,2
1205,1205,,0,15
1206,1206,,0,2
1207,1207,,0,5
1208,1208,,0,9
1209,1209,,0,16
1210,1210,,0,29
1211,1211,,0,4
1212,1212,,0,5
1213,1213,,0,9
1214,1214,,0,29
1215,1215,,0,2
1216,1216,,0,9
1217,1217,,0,13
1218,1218,,0,13
1219,1219,,0,2
1220,1220,,0,9
1221,1221,,0,21
1222,1222,,0,5
1223,1223,,0,9
1224,1224,,0,29
1225,1225,,0,9
1226,1226,,0,9
1227,1227,,0,5
1228,1228,,0,9
1229,1229,,0,5
1230,1230,,0,1
1231,1231,,0,9
1232,1232,,0,2
1233,1233,,0,22
1234,1234,,0,29
1235,1235,,0,13
1236,1236,,0,2
1237,1237,,0,13
1238,1238,,0,22
1239,1239,,0,2
1240,1240,,0,9
1241,1241,,0,33
1242,1242,,0,9
1243,1243,,0,16
1244,1244,,0,5
1245,1245,,0,27
1246,1246,,0,17
1247,1247,,0,13
1248,1248,,0,5
1249,1249,,0,8
1250,1250,,0,9
1251,1251,,0,2
1252,1252,,0,13
1253,1253,,0,26
1254,1254,,0,18
1255,1255,,0,4
1256,1256,,0,2
1257,1257,,0,13
1258,1258,,0,2
1259,1259,,0,13
1260,1260,,0,22
1261,1261,,0,22
1262,1262,,0,5
1263,1263,,0,13
1264,1264,,0,13
1265,1265,,0,4
1266,1266,,0,5
1267,1267,,0,19
1268,1268,,0,9
1269,1269,,0,9
1270,1270,,0,13
1271,1271,,0,8
1272,1272,,0,5
1273,1273,,0,22
1274,1274,,0,8
1275,1275,,0,16
1276,1276,,0,2
1277,1277,,0,29
1278,1278,,0,15
1279,1279,,29,0
1280,1280,,0,16
1281,1281,,0,8
1282,1282,,0,8
1283,1283,,0,8
1284,1284,,0,22
1285,1285,,0,9
1286,1286,,0,22
1287,1287,,0,22
1288,1288,,0,5
1289,1289,,0,15
1290,1290,,0,9
1291,1291,,30,0
1292,1292,,31,0
1293,1293,,0,16
1294,1294,,0,22
1295,1295,,0,2
1296,1296,,0,15
1297,1297,,0,2
1298,1298,,0,2
1299,1299,,0,2
1300,1300,,0,2
1301,1301,,0,2
1302,1302,,0,13
1303,1303,,0,5
1304,1304,,0,13
1305,1305,,0,13
1306,1306,,0,13
1307,1307,,0,13
1308,1308,,0,9
1309,1309,,0,9
1310,1310,,0,9
1311,1311,,0,2
1312,1312,,0,2
1313,1313,,0,15
1314,1314,,0,15
1315,1315,,0,13
1316,1316,,0,15
1317,1317,,0,4
1318,1318,,0,4
1319,1319,,0,15
1320,1320,,0,15
1321,1321,,0,4
1322,1322,,0,15
1323,1323,,0,16
1324,1324,,0,0
1325,1325,,0,9
1326,1326,,0,4
1327,1327,,0,2
1328,1328,,0,15
1329,1329,,0,13
1330,1330,,0,18
1331,1331,,0,23
1332,1332,,0,13
1333,1333,,0,5
1334,1334,,32,0
1335,1335,,0,5
1336,1336,,0,5
1337,1337,,0,9
1338,1338,,0,16
1339,1339,,0,16
1340,1340,,0,16
1341,1341,,0,16
1342,1342,,0,16
1343,1343,,0,2
1344,1344,,0,21
1345,1345,,0,22
1346,1346,,0,13
1347,1347,,0,2
1348,1348,,0,2
1349,1349,,0,9
1350,1350,,0,2
1351,1351,,0,5
1352,1352,,0,2
1353,1353,,0,22
1354,1354,,0,2
1355,1355,,0,16
1356,1356,,0,13
1357,1357,,0,8
1358,1358,,0,8
1359,1359,,0,9
1360,1360,,0,15
1361,1361,,0,16
1362,1362,,0,2
1363,1363,,0,21
1364,1364,,0,8
1365,1365,,0,9
1366,1366,,0,15
1367,1367,,0,16
1368,1368,,0,2
1369,1369,,0,9
1370,1370,,0,13
1371,1371,,0,5
1372,1372,,0,22
1373,1373,,0,16
1374,1374,,0,16
1375,1375,,0,17
1376,1376,,0,22
1377,1377,,33,0
1378,1378,,0,29
1379,1379,,0,13
1380,1380,,0,16
1381,1381,,0,4
1382,1382,,0,2
1383,1383,,0,2
1384,1384,,0,16
1385,1385,,0,2
1386,1386,,0,5
1387,1387,,0,16
1388,1388,,0,21
1389,1389,,0,2
1390,1390,,0,4
1391,1391,,0,5
1392,1392,,0,2
1393,1393,,0,4
1394,1394,,0,15
1395,1395,,0,5
1396,1396,,0,8
1397,1397,,0,21
1398,1398,,0,4
1399,1399,,0,4
1400,1400,,0,16
1401,1401,,0,17
1402,1402,,0,13
1403,1403,,0,4
1404,1404,,0,9
1405,1405,,0,9
1406,1406,,0,8
1407,1407,,0,13
1408,1408,,0,5
1409,1409,,0,5
1410,1410,,0,15
1411,1411,,0,15
1412,1412,,0,9
1413,1413,,0,15
1414,1414,,0,15
1415,1415,,0,22
1416,1416,,0,2
1417,1417,,0,2
1418,1418,,0,15
1419,1419,,0,26
1420,1420,,0,5
1421,1421,,0,9
1422,1422,,0,15
1423,1423,,0,5
1424,1424,,0,29
1425,1425,,0,5
1426,1426,,0,9
1427,1427,,0,8
1428,1428,,0,8
1429,1429,,0,8
1430,1430,,0,4
1431,1431,,0,13
1432,1432,,0,14
1433,1433,,0,22
1434,1434,,0,16
1435,1435,,0,5
1436,1436,,0,4
1437,1437,,0,5
1438,1438,,0,29
1439,1439,,0,13
1440,1440,,0,26
1441,1441,,0,22
1442,1442,,0,16
1443,1443,,0,22
1444,1444,,0,2
1445,1445,,0,16
1446,1446,,0,22
1447,1447,,0,8
1448,1448,,0,4
1449,1449,,0,8
1450,1450,,0,15
1451,1451,,0,22
1452,1452,,0,29
1453,1453,,0,15
1454,1454,,0,26
1455,1455,,34,0
1456,1456,,0,29
1457,1457,,0,16
1458,1458,,0,4
1459,1459,,0,21
1460,1460,,0,9
1461,1461,,0,15
1462,1462,,0,9
1463,1463,,0,4
1464,1464,,0,13
1465,1465,,0,9
1466,1466,,0,9
1467,1467,,0,5
1468,1468,,0,4
1469,1469,,0,15
1470,1470,,0,29
