,문서 번호,가장 비중이 높은 토픽,가장 높은 토픽의 비중,각 토픽의 비중
0,0,6.0,0.9918808341026306,"[(6, 0.9918808)]"
1,1,5.0,0.9940152168273926,"[(5, 0.9940153)]"
2,2,6.0,0.7785195112228394,"[(6, 0.7785195), (12, 0.21022062)]"
3,3,7.0,0.9911069869995117,"[(7, 0.991107)]"
4,4,13.0,0.7757439613342285,"[(0, 0.1671974), (11, 0.051925767), (13, 0.77574396)]"
5,5,6.0,0.9924094080924988,"[(6, 0.9924094)]"
6,6,10.0,0.5752377510070801,"[(0, 0.10858477), (5, 0.30939174), (10, 0.57523775)]"
7,7,8.0,0.9856337904930115,"[(8, 0.9856338)]"
8,8,2.0,0.7576198577880859,"[(2, 0.75761986), (9, 0.22601432)]"
9,9,0.0,0.40240299701690674,"[(0, 0.402403), (2, 0.28035966), (4, 0.3068359)]"
10,10,0.0,0.6159389019012451,"[(0, 0.6159389), (2, 0.36737946)]"
11,11,9.0,0.8120343089103699,"[(0, 0.010288978), (4, 0.1653582), (9, 0.8120343)]"
12,12,12.0,0.8407735824584961,"[(12, 0.8407736), (13, 0.15019387)]"
13,13,13.0,0.9844393134117126,"[(13, 0.9844393)]"
14,14,13.0,0.7506942749023438,"[(3, 0.23998079), (13, 0.7506943)]"
15,15,1.0,0.47156813740730286,"[(1, 0.47156814), (5, 0.19267876), (7, 0.09455988), (9, 0.23527329)]"
16,16,9.0,0.9686610698699951,"[(9, 0.96866107), (10, 0.020762738)]"
17,17,8.0,0.9873812198638916,"[(8, 0.9873812)]"
18,18,10.0,0.4292486310005188,"[(6, 0.40898126), (7, 0.15384433), (10, 0.42924863)]"
19,19,14.0,0.9941269755363464,"[(14, 0.9941269)]"
20,20,14.0,0.9910217523574829,"[(14, 0.99102175)]"
21,21,8.0,0.6838259696960449,"[(8, 0.68382597), (13, 0.30261913)]"
22,22,11.0,0.6104528903961182,"[(9, 0.3811291), (11, 0.6104529)]"
23,23,11.0,0.5116610527038574,"[(1, 0.3211009), (3, 0.16039607), (11, 0.51166105)]"
24,24,2.0,0.9132511019706726,"[(2, 0.9132511), (8, 0.079757355)]"
25,25,9.0,0.9510327577590942,"[(7, 0.042138465), (9, 0.9510327)]"
26,26,7.0,0.4964451193809509,"[(5, 0.39177153), (7, 0.49644515), (8, 0.10138793)]"
27,27,10.0,0.5476382970809937,"[(7, 0.32690263), (10, 0.5476383), (13, 0.11656257)]"
28,28,14.0,0.9931349158287048,"[(14, 0.99313486)]"
29,29,9.0,0.9928171634674072,"[(9, 0.99281716)]"
30,30,12.0,0.8617458939552307,"[(0, 0.113917306), (6, 0.019763177), (12, 0.8617459)]"
31,31,9.0,0.9278929829597473,"[(8, 0.06384872), (9, 0.927893)]"
32,32,12.0,0.8912321329116821,"[(12, 0.89123213), (14, 0.09793015)]"
33,33,3.0,0.6966028809547424,"[(3, 0.6966029), (12, 0.29463947)]"
34,34,8.0,0.9252556562423706,"[(3, 0.06477757), (8, 0.9252557)]"
35,35,10.0,0.889138400554657,"[(9, 0.103188924), (10, 0.8891384)]"
36,36,5.0,0.832236647605896,"[(5, 0.83223665), (12, 0.057716288), (14, 0.10314258)]"
37,37,2.0,0.9912725687026978,"[(2, 0.9912725)]"
38,38,2.0,0.9896268844604492,"[(2, 0.9896269)]"
39,39,12.0,0.5324507355690002,"[(4, 0.45920897), (12, 0.53245074)]"
40,40,9.0,0.8238081932067871,"[(2, 0.15425125), (9, 0.8238082), (13, 0.016053056)]"
41,41,12.0,0.754624605178833,"[(1, 0.051822398), (12, 0.7546246), (14, 0.18485138)]"
42,42,7.0,0.6465997695922852,"[(5, 0.34436914), (7, 0.64659977)]"
43,43,10.0,0.6996060609817505,"[(5, 0.28927413), (10, 0.69960606)]"
44,44,14.0,0.9809398651123047,"[(14, 0.9809399)]"
45,45,4.0,0.9854066967964172,"[(4, 0.98540664)]"
46,46,10.0,0.5259020328521729,"[(10, 0.52590203), (13, 0.4646695)]"
47,47,11.0,0.9949523210525513,"[(11, 0.9949523)]"
48,48,14.0,0.4975265860557556,"[(7, 0.49437144), (14, 0.4975266)]"
49,49,5.0,0.8993001580238342,"[(5, 0.8993001), (14, 0.09266609)]"
50,50,9.0,0.9201212525367737,"[(3, 0.07192449), (9, 0.92012125)]"
51,51,1.0,0.9851787090301514,"[(1, 0.98517877)]"
52,52,6.0,0.5187456607818604,"[(4, 0.47240555), (6, 0.51874566)]"
53,53,4.0,0.3878213167190552,"[(2, 0.10608492), (4, 0.38782132), (8, 0.15503761), (14, 0.34444395)]"
54,54,10.0,0.7360237836837769,"[(10, 0.7360238), (13, 0.25256363)]"
55,55,10.0,0.6311876773834229,"[(7, 0.3593842), (10, 0.6311877)]"
56,56,12.0,0.8912686109542847,"[(12, 0.8912686), (13, 0.10190419)]"
57,57,4.0,0.9897394180297852,"[(4, 0.9897394)]"
58,58,9.0,0.9911905527114868,"[(9, 0.99119055)]"
59,59,8.0,0.6935704946517944,"[(4, 0.29700413), (8, 0.6935705)]"
60,60,3.0,0.9387255907058716,"[(3, 0.9387256), (9, 0.047509674)]"
61,61,13.0,0.9900650382041931,"[(13, 0.99006504)]"
62,62,5.0,0.6101484894752502,"[(5, 0.6101485), (7, 0.19457781), (13, 0.18786258)]"
63,63,2.0,0.4856738746166229,"[(2, 0.48567387), (4, 0.07525215), (9, 0.082471624), (11, 0.22320086), (13, 0.12733498)]"
64,64,10.0,0.5593246221542358,"[(10, 0.5593246), (13, 0.43034878)]"
65,65,8.0,0.9925909638404846,"[(8, 0.99259096)]"
66,66,13.0,0.6183160543441772,"[(7, 0.37380117), (13, 0.61831605)]"
67,67,9.0,0.747246265411377,"[(2, 0.23753345), (9, 0.74724627)]"
68,68,1.0,0.9914329051971436,"[(1, 0.9914329)]"
69,69,5.0,0.577610194683075,"[(0, 0.025727), (2, 0.3867805), (5, 0.5776102)]"
70,70,2.0,0.9907560348510742,"[(2, 0.9907561)]"
71,71,11.0,0.448158323764801,"[(4, 0.269114), (5, 0.08007773), (7, 0.15987675), (10, 0.037895795), (11, 0.4481583)]"
72,72,4.0,0.4405801594257355,"[(1, 0.07957575), (4, 0.44058013), (5, 0.13557304), (7, 0.33783352)]"
73,73,12.0,0.836887776851654,"[(4, 0.15515372), (12, 0.8368878)]"
74,74,12.0,0.9907572865486145,"[(12, 0.9907573)]"
75,75,8.0,0.4970988631248474,"[(5, 0.49191535), (8, 0.49709883)]"
76,76,4.0,0.593585193157196,"[(3, 0.13573161), (4, 0.5935852), (11, 0.26427773)]"
77,77,3.0,0.8607385754585266,"[(3, 0.8607386), (13, 0.13436328)]"
78,78,12.0,0.9890146255493164,"[(12, 0.9890146)]"
79,79,12.0,0.5694800615310669,"[(8, 0.015592432), (9, 0.4073767), (12, 0.56948006)]"
80,80,11.0,0.5811289548873901,"[(3, 0.41470242), (11, 0.58112895)]"
81,81,13.0,0.9907530546188354,"[(13, 0.99075305)]"
82,82,9.0,0.9860613942146301,"[(9, 0.9860614)]"
83,83,10.0,0.9903764724731445,"[(10, 0.9903765)]"
84,84,13.0,0.34762123227119446,"[(2, 0.185032), (7, 0.21216692), (9, 0.24838412), (13, 0.34762123)]"
85,85,1.0,0.9911084175109863,"[(1, 0.99110836)]"
86,86,8.0,0.9931332468986511,"[(8, 0.99313325)]"
87,87,3.0,0.401317298412323,"[(2, 0.15526958), (3, 0.4013173), (10, 0.15243657), (14, 0.283485)]"
88,88,12.0,0.5839441418647766,"[(1, 0.3337235), (5, 0.07267773), (12, 0.58394414)]"
89,89,9.0,0.989509642124176,"[(9, 0.98950964)]"
90,90,0.0,0.9839031100273132,"[(0, 0.98390317)]"
91,91,7.0,0.9904740452766418,"[(7, 0.99047405)]"
92,92,3.0,0.5711865425109863,"[(3, 0.57118654), (12, 0.41245466)]"
93,93,8.0,0.9918100237846375,"[(8, 0.9918101)]"
94,94,12.0,0.9902737140655518,"[(12, 0.9902737)]"
95,95,12.0,0.9884752035140991,"[(12, 0.98847514)]"
96,96,12.0,0.5251982808113098,"[(9, 0.46010098), (12, 0.5251983)]"
97,97,9.0,0.9922840595245361,"[(9, 0.99228406)]"
98,98,4.0,0.6438106894493103,"[(4, 0.6438107), (11, 0.33884123)]"
99,99,9.0,0.979249894618988,"[(9, 0.9792499)]"
100,100,13.0,0.9841720461845398,"[(13, 0.98417205)]"
101,101,14.0,0.9928725361824036,"[(14, 0.99287254)]"
102,102,10.0,0.6830462217330933,"[(10, 0.6830462), (12, 0.30273923)]"
103,103,4.0,0.5345209836959839,"[(4, 0.534521), (5, 0.4466205)]"
104,104,14.0,0.973318874835968,"[(14, 0.9733189)]"
105,105,1.0,0.5986441969871521,"[(1, 0.5986442), (4, 0.14507489), (8, 0.22663979)]"
106,106,1.0,0.9827113747596741,"[(1, 0.9827114)]"
107,107,4.0,0.5868111252784729,"[(4, 0.5868111), (6, 0.10951697), (11, 0.20025223), (12, 0.09607649)]"
108,108,7.0,0.5206292271614075,"[(4, 0.18672505), (7, 0.5206292), (8, 0.28051195)]"
109,109,1.0,0.41580310463905334,"[(1, 0.4158031), (7, 0.41066098), (12, 0.16536461)]"
110,110,12.0,0.6328549385070801,"[(4, 0.35509893), (12, 0.63285494)]"
111,111,6.0,0.9873822927474976,"[(6, 0.9873823)]"
112,112,8.0,0.991513729095459,"[(8, 0.99151367)]"
113,113,10.0,0.9952840805053711,"[(10, 0.9952841)]"
114,114,11.0,0.7988314032554626,"[(2, 0.11841754), (10, 0.06495887), (11, 0.7988314)]"
115,115,8.0,0.5561678409576416,"[(8, 0.55616784), (10, 0.43498245)]"
116,116,14.0,0.9928725361824036,"[(14, 0.9928726)]"
117,117,9.0,0.7734137177467346,"[(9, 0.7734137), (12, 0.2134435)]"
118,118,7.0,0.9908463358879089,"[(7, 0.9908464)]"
119,119,3.0,0.9925295114517212,"[(3, 0.9925295)]"
120,120,13.0,0.9900652766227722,"[(13, 0.9900652)]"
121,121,6.0,0.9910224080085754,"[(6, 0.99102235)]"
122,122,2.0,0.9890133142471313,"[(2, 0.98901325)]"
123,123,3.0,0.991274893283844,"[(3, 0.9912749)]"
124,124,11.0,0.7783103585243225,"[(4, 0.052305456), (6, 0.16358407), (11, 0.77831036)]"
125,125,8.0,0.9911088347434998,"[(8, 0.99110883)]"
126,126,10.0,0.98204505443573,"[(10, 0.9820451)]"
127,127,9.0,0.7726198434829712,"[(9, 0.77261984), (12, 0.21693337)]"
128,128,12.0,0.9918811321258545,"[(12, 0.99188113)]"
129,129,0.0,0.7901938557624817,"[(0, 0.79019386), (8, 0.20313694)]"
130,130,14.0,0.9930299520492554,"[(14, 0.99302995)]"
131,131,12.0,0.6805945634841919,"[(4, 0.10824851), (9, 0.20048091), (12, 0.68059456)]"
132,132,1.0,0.7626844644546509,"[(1, 0.76268446), (8, 0.23241773)]"
133,133,1.0,0.9873830080032349,"[(1, 0.98738295)]"
134,134,5.0,0.40945422649383545,"[(5, 0.40945423), (6, 0.19687748), (13, 0.3886638)]"
135,135,5.0,0.9938982129096985,"[(5, 0.99389815)]"
136,136,14.0,0.9890137910842896,"[(14, 0.9890138)]"
137,137,5.0,0.6601412892341614,"[(5, 0.6601413), (9, 0.3344045)]"
138,138,1.0,0.5320404767990112,"[(1, 0.5320405), (12, 0.45501575)]"
139,139,3.0,0.4925001263618469,"[(3, 0.49250013), (4, 0.18305779), (12, 0.30538565)]"
140,140,4.0,0.986061692237854,"[(4, 0.98606175)]"
141,141,12.0,0.985176146030426,"[(12, 0.98517615)]"
142,142,12.0,0.8372429609298706,"[(4, 0.09806135), (10, 0.049593527), (12, 0.83724296)]"
143,143,3.0,0.5157875418663025,"[(3, 0.51578754), (12, 0.474358)]"
144,144,12.0,0.7394390106201172,"[(6, 0.10475737), (12, 0.739439), (13, 0.14452668)]"
145,145,12.0,0.8827823996543884,"[(0, 0.106505334), (12, 0.88278246)]"
146,146,9.0,0.9904733300209045,"[(9, 0.9904733)]"
147,147,14.0,0.6724676489830017,"[(1, 0.32030627), (14, 0.67246765)]"
148,148,6.0,0.5796389579772949,"[(6, 0.57963896), (8, 0.16476226), (10, 0.2473454)]"
149,149,0.0,0.5478612184524536,"[(0, 0.5478612), (3, 0.07987684), (5, 0.28813303), (9, 0.05056196), (11, 0.028932935)]"
150,150,0.0,0.9906643033027649,"[(0, 0.99066424)]"
151,151,0.0,0.9932343363761902,"[(0, 0.99323434)]"
152,152,4.0,0.6417390704154968,"[(4, 0.6417391), (13, 0.35137966)]"
153,153,8.0,0.7146289944648743,"[(1, 0.22139947), (8, 0.714629), (9, 0.058671266)]"
154,154,1.0,0.9936920404434204,"[(1, 0.99369204)]"
155,155,12.0,0.5840843319892883,"[(4, 0.3936687), (12, 0.58408433)]"
156,156,12.0,0.7402067184448242,"[(12, 0.7402067), (13, 0.24372762)]"
157,157,12.0,0.9893913865089417,"[(12, 0.9893913)]"
158,158,12.0,0.9884737730026245,"[(12, 0.9884738)]"
159,159,6.0,0.7250276803970337,"[(6, 0.7250277), (12, 0.2632557)]"
160,160,5.0,0.9346449375152588,"[(5, 0.93464494), (12, 0.05612965)]"
161,161,11.0,0.7885535359382629,"[(9, 0.20286076), (11, 0.78855354)]"
162,162,4.0,0.9892675876617432,"[(4, 0.9892676)]"
163,163,11.0,0.9895093441009521,"[(11, 0.9895093)]"
164,164,0.0,0.9878743886947632,"[(0, 0.9878744)]"
165,165,12.0,0.8154717683792114,"[(10, 0.17769818), (12, 0.81547177)]"
166,166,9.0,0.9862654805183411,"[(9, 0.9862655)]"
167,167,10.0,0.9873837232589722,"[(10, 0.9873837)]"
168,168,4.0,0.9823794960975647,"[(4, 0.98237956)]"
169,169,9.0,0.6755850911140442,"[(6, 0.3173069), (9, 0.6755851)]"
170,170,4.0,0.5855221152305603,"[(4, 0.5855221), (7, 0.17776048), (9, 0.22574964)]"
171,171,5.0,0.8355218768119812,"[(5, 0.8355219), (6, 0.14196491), (12, 0.014587435)]"
172,172,0.0,0.9839009642601013,"[(0, 0.983901)]"
173,173,8.0,0.796919584274292,"[(2, 0.11809941), (8, 0.7969196), (9, 0.074584626)]"
174,174,7.0,0.9921538829803467,"[(7, 0.9921539)]"
175,175,0.0,0.9878730773925781,"[(0, 0.9878731)]"
176,176,8.0,0.9896261692047119,"[(8, 0.98962617)]"
177,177,8.0,0.9875500798225403,"[(8, 0.98755014)]"
178,178,12.0,0.9870277643203735,"[(12, 0.98702776)]"
179,179,5.0,0.4429258704185486,"[(5, 0.44292587), (9, 0.25262964), (10, 0.2997052)]"
180,180,1.0,0.5572048425674438,"[(1, 0.55720484), (2, 0.2512536), (7, 0.18353814)]"
181,181,2.0,0.9931825399398804,"[(2, 0.99318254)]"
182,182,7.0,0.9890173077583313,"[(7, 0.9890173)]"
183,183,7.0,0.9909364581108093,"[(7, 0.99093646)]"
184,184,12.0,0.9929251074790955,"[(12, 0.99292505)]"
185,185,3.0,0.9331793785095215,"[(2, 0.05187157), (3, 0.9331794)]"
186,186,11.0,0.8512042164802551,"[(6, 0.14112057), (11, 0.8512042)]"
187,187,9.0,0.7578728199005127,"[(9, 0.7578728), (11, 0.23204233)]"
188,188,6.0,0.7432329058647156,"[(4, 0.2450453), (6, 0.7432329)]"
189,189,4.0,0.9902734160423279,"[(4, 0.9902734)]"
190,190,5.0,0.6163634061813354,"[(5, 0.6163634), (11, 0.37175506)]"
191,191,3.0,0.9910220503807068,"[(3, 0.9910221)]"
192,192,10.0,0.7396888732910156,"[(2, 0.2531432), (10, 0.7396889)]"
193,193,6.0,0.975426435470581,"[(6, 0.9754265)]"
194,194,10.0,0.8386407494544983,"[(6, 0.14896372), (10, 0.83864075)]"
195,195,4.0,0.6632451415061951,"[(2, 0.11014374), (4, 0.66324514), (7, 0.088060744), (11, 0.13462542)]"
196,196,11.0,0.9922839403152466,"[(11, 0.99228394)]"
197,197,10.0,0.98444002866745,"[(10, 0.98443997)]"
198,198,7.0,0.5450560450553894,"[(2, 0.029801212), (7, 0.54505605), (12, 0.41792956)]"
199,199,4.0,0.6254715323448181,"[(4, 0.62547153), (6, 0.04276801), (8, 0.10482048), (11, 0.14401184), (13, 0.07575271)]"
200,200,7.0,0.596254825592041,"[(1, 0.1579038), (7, 0.5962548), (12, 0.23405918)]"
201,201,11.0,0.46359527111053467,"[(4, 0.16827105), (11, 0.46359524), (12, 0.3597934)]"
202,202,6.0,0.8593248128890991,"[(6, 0.8593248), (11, 0.13320093)]"
203,203,12.0,0.9891412258148193,"[(12, 0.9891412)]"
204,204,4.0,0.560091495513916,"[(2, 0.15548319), (4, 0.5600915), (6, 0.27500182)]"
205,205,7.0,0.9873822927474976,"[(7, 0.98738223)]"
206,206,11.0,0.4654013514518738,"[(2, 0.16691062), (11, 0.46540132), (12, 0.3621675)]"
207,207,5.0,0.9944080114364624,"[(5, 0.9944081)]"
208,208,9.0,0.5540905594825745,"[(8, 0.4336943), (9, 0.55409056)]"
209,209,13.0,0.8655650019645691,"[(12, 0.1254966), (13, 0.86556494)]"
210,210,6.0,0.8131474852561951,"[(6, 0.8131475), (12, 0.17614512)]"
211,211,8.0,0.9938167929649353,"[(8, 0.9938168)]"
212,212,11.0,0.9707311391830444,"[(3, 0.022493565), (11, 0.97073114)]"
213,213,4.0,0.941573441028595,"[(4, 0.9415734), (8, 0.05185676)]"
214,214,4.0,0.9887507557868958,"[(4, 0.98875076)]"
215,215,8.0,0.8151676654815674,"[(8, 0.81516767), (11, 0.17294274)]"
216,216,12.0,0.8789464235305786,"[(12, 0.87894636), (14, 0.11511382)]"
217,217,4.0,0.9432154297828674,"[(2, 0.045222074), (4, 0.94321537)]"
218,218,13.0,0.7006419897079468,"[(0, 0.287145), (13, 0.700642)]"
219,219,10.0,0.5159978270530701,"[(1, 0.18640438), (8, 0.29207718), (10, 0.5159978)]"
220,220,6.0,0.9877128005027771,"[(6, 0.98771286)]"
221,221,6.0,0.990756630897522,"[(6, 0.99075663)]"
222,222,6.0,0.5173899531364441,"[(6, 0.51738995), (12, 0.4686199)]"
223,223,13.0,0.5506641268730164,"[(2, 0.10436561), (4, 0.15798208), (6, 0.074163474), (13, 0.5506641), (14, 0.10239694)]"
224,224,2.0,0.9760226011276245,"[(2, 0.97602266), (8, 0.014550633)]"
225,225,0.0,0.7796421647071838,"[(0, 0.77964216), (2, 0.21217762)]"
226,226,8.0,0.9934712648391724,"[(8, 0.99347126)]"
227,227,0.0,0.3765096366405487,"[(0, 0.37650964), (4, 0.14456603), (6, 0.063512616), (10, 0.34544435), (12, 0.06536726)]"
228,228,10.0,0.6298511028289795,"[(6, 0.3595712), (10, 0.6298511)]"
229,229,8.0,0.8484582901000977,"[(8, 0.8484583), (13, 0.13896202)]"
230,230,11.0,0.9860624670982361,"[(11, 0.98606247)]"
231,231,4.0,0.7386295199394226,"[(2, 0.049118783), (4, 0.7386295), (8, 0.2058975)]"
232,232,7.0,0.9898521304130554,"[(7, 0.9898522)]"
233,233,4.0,0.9772168397903442,"[(4, 0.9772168)]"
234,234,3.0,0.5392116904258728,"[(3, 0.5392117), (4, 0.4523698)]"
235,235,0.0,0.5454519391059875,"[(0, 0.54545194), (7, 0.4462917)]"
236,236,2.0,0.8158396482467651,"[(2, 0.81583965), (5, 0.17573804)]"
237,237,5.0,0.9439261555671692,"[(5, 0.9439262), (12, 0.050294593)]"
238,238,2.0,0.7959874272346497,"[(2, 0.7959874), (7, 0.07014519), (8, 0.124333166)]"
239,239,14.0,0.9868521690368652,"[(14, 0.98685217)]"
240,240,13.0,0.7151862978935242,"[(3, 0.17628993), (4, 0.0949523), (13, 0.7151863)]"
241,241,2.0,0.9923480749130249,"[(2, 0.9923481)]"
242,242,6.0,0.9917380809783936,"[(6, 0.991738)]"
243,243,7.0,0.9941644072532654,"[(7, 0.9941644)]"
244,244,5.0,0.6335144639015198,"[(4, 0.22662358), (5, 0.63351446), (14, 0.13301866)]"
245,245,1.0,0.5413913726806641,"[(1, 0.5413914), (5, 0.45177954)]"
246,246,13.0,0.8831664323806763,"[(11, 0.10798644), (13, 0.8831664)]"
247,247,1.0,0.5937779545783997,"[(1, 0.59377795), (8, 0.39636493)]"
248,248,4.0,0.9901714324951172,"[(4, 0.9901715)]"
249,249,13.0,0.9274353384971619,"[(10, 0.058092028), (13, 0.92743534)]"
250,250,13.0,0.6643436551094055,"[(10, 0.106451675), (12, 0.2063003), (13, 0.66434366)]"
251,251,11.0,0.9881821274757385,"[(11, 0.98818207)]"
252,252,5.0,0.9858500361442566,"[(5, 0.98585004)]"
253,253,13.0,0.9896271824836731,"[(13, 0.9896272)]"
254,254,13.0,0.9875518679618835,"[(13, 0.98755187)]"
255,255,4.0,0.9430989027023315,"[(4, 0.94309884), (11, 0.049295202)]"
256,256,2.0,0.8046037554740906,"[(1, 0.18530907), (2, 0.80460376)]"
257,257,2.0,0.9884753823280334,"[(2, 0.98847544)]"
258,258,0.0,0.9932345151901245,"[(0, 0.9932346)]"
259,259,12.0,0.9163291454315186,"[(2, 0.0728305), (12, 0.9163292)]"
260,260,8.0,0.969374418258667,"[(1, 0.022742545), (8, 0.9693744)]"
261,261,8.0,0.9895090460777283,"[(8, 0.989509)]"
262,262,4.0,0.7028971910476685,"[(4, 0.7028972), (7, 0.12271699), (9, 0.16398944)]"
263,263,2.0,0.654741108417511,"[(2, 0.6547411), (5, 0.3349305)]"
264,264,7.0,0.5995600819587708,"[(0, 0.3937698), (7, 0.5995601)]"
265,265,10.0,0.5316110253334045,"[(2, 0.35797215), (10, 0.531611), (12, 0.07195517), (14, 0.02950962)]"
266,266,5.0,0.9890155792236328,"[(5, 0.9890155)]"
267,267,3.0,0.995354950428009,"[(3, 0.99535495)]"
268,268,8.0,0.9883300065994263,"[(8, 0.98833)]"
269,269,12.0,0.5821301937103271,"[(11, 0.4113469), (12, 0.5821302)]"
270,270,3.0,0.9905688762664795,"[(3, 0.9905689)]"
271,271,9.0,0.9888817071914673,"[(9, 0.9888817)]"
272,272,1.0,0.5817993879318237,"[(1, 0.5817994), (4, 0.14511204), (11, 0.26820832)]"
273,273,8.0,0.9149547815322876,"[(7, 0.026187627), (8, 0.9149548), (11, 0.05014752)]"
274,274,1.0,0.9887516498565674,"[(1, 0.98875165)]"
275,275,10.0,0.4936771094799042,"[(10, 0.4936771), (13, 0.4828848)]"
276,276,5.0,0.9890159368515015,"[(5, 0.989016)]"
277,277,2.0,0.9891432523727417,"[(2, 0.98914325)]"
278,278,4.0,0.9282526969909668,"[(4, 0.92825276), (9, 0.06252005)]"
279,279,8.0,0.5606694221496582,"[(1, 0.31336483), (5, 0.1194583), (8, 0.5606694)]"
280,280,5.0,0.6458041667938232,"[(5, 0.64580417), (9, 0.086100005), (10, 0.20361407), (11, 0.056233063)]"
281,281,2.0,0.455028235912323,"[(2, 0.4550282), (3, 0.2692469), (12, 0.2658309)]"
282,282,11.0,0.8513519167900085,"[(6, 0.14104287), (11, 0.8513519)]"
283,283,6.0,0.5869737267494202,"[(6, 0.5869737), (13, 0.40783453)]"
284,284,13.0,0.5304938554763794,"[(1, 0.38292986), (12, 0.078238025), (13, 0.53049386)]"
285,285,11.0,0.7128435373306274,"[(6, 0.2100902), (11, 0.71284354), (13, 0.06971502)]"
286,286,6.0,0.9935615062713623,"[(6, 0.99356145)]"
287,287,0.0,0.9825187921524048,"[(0, 0.9825188), (7, 0.01170111)]"
288,288,13.0,0.7505865693092346,"[(13, 0.75058657), (14, 0.23683378)]"
289,289,10.0,0.9954448342323303,"[(10, 0.99544483)]"
290,290,9.0,0.6089537739753723,"[(9, 0.6089538), (14, 0.28262794)]"
291,291,4.0,0.7675090432167053,"[(4, 0.76750904), (10, 0.21893907)]"
292,292,14.0,0.9441922903060913,"[(1, 0.04965809), (14, 0.9441923)]"
293,293,10.0,0.9880262613296509,"[(10, 0.98802626)]"
294,294,1.0,0.5396563410758972,"[(1, 0.53965634), (3, 0.14239697), (8, 0.3031132)]"
295,295,8.0,0.8647179007530212,"[(0, 0.124305405), (8, 0.8647179)]"
296,296,9.0,0.7810909152030945,"[(9, 0.7810909), (12, 0.20894288)]"
297,297,2.0,0.6737610101699829,"[(1, 0.31946504), (2, 0.673761)]"
298,298,1.0,0.9933779835700989,"[(1, 0.99337804)]"
299,299,8.0,0.972529947757721,"[(8, 0.97252995)]"
300,300,14.0,0.8910292983055115,"[(3, 0.0965824), (14, 0.8910293)]"
301,301,9.0,0.9823805689811707,"[(9, 0.9823805)]"
302,302,3.0,0.66661536693573,"[(1, 0.17338194), (2, 0.14490138), (3, 0.66661537)]"
303,303,7.0,0.9893891215324402,"[(7, 0.98938906)]"
304,304,7.0,0.6627157330513,"[(7, 0.66271573), (11, 0.32981092)]"
305,305,2.0,0.38334619998931885,"[(2, 0.3833462), (7, 0.33977064), (12, 0.26456574)]"
306,306,12.0,0.9887489080429077,"[(12, 0.9887489)]"
307,307,2.0,0.669255793094635,"[(2, 0.6692558), (7, 0.32224256)]"
308,308,13.0,0.8017270565032959,"[(4, 0.18357421), (13, 0.80172706)]"
309,309,8.0,0.5842671394348145,"[(7, 0.40731177), (8, 0.58426714)]"
310,310,7.0,0.9918816089630127,"[(7, 0.9918816)]"
311,311,2.0,0.6853679418563843,"[(0, 0.10372866), (1, 0.08181752), (2, 0.68536794), (14, 0.12522264)]"
312,312,14.0,0.9332080483436584,"[(5, 0.06393009), (14, 0.93320805)]"
313,313,5.0,0.9933308959007263,"[(5, 0.9933309)]"
314,314,3.0,0.9925310611724854,"[(3, 0.992531)]"
315,315,8.0,0.8027524948120117,"[(1, 0.03376368), (8, 0.8027525), (14, 0.15652107)]"
316,316,13.0,0.991355299949646,"[(13, 0.9913553)]"
317,317,10.0,0.9873809218406677,"[(10, 0.987381)]"
318,318,2.0,0.8034829497337341,"[(2, 0.80348295), (4, 0.07654141), (6, 0.016580373), (8, 0.097005814)]"
319,319,3.0,0.7474820613861084,"[(3, 0.74748206), (4, 0.2426664)]"
320,320,14.0,0.9860632419586182,"[(14, 0.98606324)]"
321,321,8.0,0.990172803401947,"[(8, 0.99017274)]"
322,322,2.0,0.606964111328125,"[(2, 0.6069641), (4, 0.17793849), (12, 0.20813318)]"
323,323,12.0,0.9917353987693787,"[(12, 0.9917354)]"
324,324,2.0,0.9941281676292419,"[(2, 0.99412817)]"
325,325,0.0,0.4531267583370209,"[(0, 0.45312676), (4, 0.06965184), (5, 0.42859706), (8, 0.019161928), (11, 0.024763657)]"
326,326,4.0,0.5640908479690552,"[(4, 0.56409085), (5, 0.1356447), (11, 0.29375526)]"
327,327,2.0,0.46564018726348877,"[(2, 0.46564022), (5, 0.3546835), (14, 0.17311339)]"
328,328,2.0,0.9864688515663147,"[(2, 0.98646885)]"
329,329,7.0,0.48471373319625854,"[(7, 0.4847137), (11, 0.13151416), (14, 0.3792234)]"
330,330,11.0,0.9923461079597473,"[(11, 0.9923461)]"
331,331,5.0,0.8796463012695312,"[(5, 0.8796463), (8, 0.114019066)]"
332,332,10.0,0.69281005859375,"[(9, 0.2990859), (10, 0.69281006)]"
333,333,2.0,0.6547281742095947,"[(2, 0.6547282), (9, 0.09844451), (10, 0.23801477)]"
334,334,4.0,0.9649168252944946,"[(3, 0.02575773), (4, 0.9649168)]"
335,335,13.0,0.9906626343727112,"[(13, 0.9906627)]"
336,336,9.0,0.9370365142822266,"[(1, 0.054855965), (9, 0.9370365)]"
337,337,9.0,0.9941279888153076,"[(9, 0.9941279)]"
338,338,9.0,0.9911088347434998,"[(9, 0.99110883)]"
339,339,9.0,0.9927059412002563,"[(9, 0.99270594)]"
340,340,2.0,0.467764675617218,"[(2, 0.4677647), (8, 0.11718238), (12, 0.40170664)]"
341,341,6.0,0.9888836741447449,"[(6, 0.9888836)]"
342,342,12.0,0.6717826724052429,"[(2, 0.024782805), (8, 0.29595175), (12, 0.6717827)]"
343,343,4.0,0.9910243153572083,"[(4, 0.9910244)]"
344,344,13.0,0.36043286323547363,"[(4, 0.29093173), (8, 0.33931988), (13, 0.36043286)]"
345,345,5.0,0.9880307912826538,"[(5, 0.98803073)]"
346,346,1.0,0.9899613261222839,"[(1, 0.9899613)]"
347,347,14.0,0.8493037819862366,"[(12, 0.13812792), (14, 0.8493038)]"
348,348,5.0,0.7975553870201111,"[(5, 0.7975554), (9, 0.19211482)]"
349,349,5.0,0.9931349754333496,"[(5, 0.99313504)]"
350,350,8.0,0.9911091327667236,"[(8, 0.9911091)]"
351,351,6.0,0.47025972604751587,"[(6, 0.47025973), (11, 0.3190961), (12, 0.20023577)]"
352,352,12.0,0.8089439868927002,"[(2, 0.18595555), (12, 0.808944)]"
353,353,2.0,0.5133243203163147,"[(2, 0.5133243), (4, 0.4769321)]"
354,354,1.0,0.8904342651367188,"[(1, 0.8904342), (6, 0.10319085)]"
355,355,3.0,0.5861971378326416,"[(3, 0.58619714), (8, 0.4052131)]"
356,356,6.0,0.536980390548706,"[(4, 0.45408165), (6, 0.5369804)]"
357,357,13.0,0.7870771288871765,"[(12, 0.20328736), (13, 0.7870771)]"
358,358,8.0,0.7989966869354248,"[(8, 0.7989967), (11, 0.19437894)]"
359,359,8.0,0.988027811050415,"[(8, 0.98802775)]"
360,360,14.0,0.8592144250869751,"[(7, 0.13275905), (14, 0.8592145)]"
361,361,10.0,0.9851782321929932,"[(10, 0.98517823)]"
362,362,7.0,0.9875448942184448,"[(7, 0.9875449)]"
363,363,10.0,0.9830251336097717,"[(10, 0.9830252)]"
364,364,14.0,0.9893917441368103,"[(14, 0.9893918)]"
365,365,5.0,0.5853633880615234,"[(5, 0.5853634), (7, 0.30905816), (8, 0.09809704)]"
366,366,7.0,0.9924101233482361,"[(7, 0.99241006)]"
367,367,11.0,0.9948694705963135,"[(11, 0.9948695)]"
368,368,11.0,0.9947558641433716,"[(11, 0.99475586)]"
369,369,14.0,0.9760525226593018,"[(14, 0.9760525)]"
370,370,1.0,0.40633806586265564,"[(1, 0.40633807), (7, 0.26643106), (10, 0.073957175), (12, 0.24600506)]"
371,371,4.0,0.6249054670333862,"[(4, 0.62490547), (5, 0.20420448), (6, 0.16674244)]"
372,372,14.0,0.9763105511665344,"[(11, 0.017119756), (14, 0.97631055)]"
373,373,10.0,0.6993578672409058,"[(0, 0.2889206), (10, 0.69935787)]"
374,374,5.0,0.6796184778213501,"[(5, 0.6796185), (6, 0.3156177)]"
375,375,14.0,0.9766546487808228,"[(14, 0.97665465)]"
376,376,10.0,0.66636723279953,"[(10, 0.66636723), (11, 0.32487115)]"
377,377,9.0,0.6315017342567444,"[(1, 0.36054286), (9, 0.63150173)]"
378,378,10.0,0.8104221820831299,"[(6, 0.18506101), (10, 0.8104222)]"
379,379,3.0,0.9920200705528259,"[(3, 0.9920201)]"
380,380,10.0,0.9772233963012695,"[(10, 0.9772234)]"
381,381,5.0,0.8324819803237915,"[(5, 0.832482), (11, 0.16169913)]"
382,382,9.0,0.9904726147651672,"[(9, 0.99047256)]"
383,383,8.0,0.6513216495513916,"[(7, 0.223167), (8, 0.65132165), (12, 0.11795774)]"
384,384,9.0,0.9903751015663147,"[(9, 0.99037516)]"
385,385,1.0,0.9883309006690979,"[(1, 0.9883309)]"
386,386,2.0,0.6997897624969482,"[(2, 0.69978976), (7, 0.12190972), (9, 0.17326689)]"
387,387,9.0,0.673706591129303,"[(1, 0.16744769), (2, 0.14964212), (9, 0.6737066)]"
388,388,12.0,0.9877119064331055,"[(12, 0.9877119)]"
389,389,7.0,0.9360682964324951,"[(7, 0.9360683), (12, 0.052815557)]"
390,390,14.0,0.5778985619544983,"[(2, 0.024733365), (7, 0.34867492), (10, 0.037874036), (14, 0.57789856)]"
391,391,7.0,0.9928169250488281,"[(7, 0.992817)]"
392,392,1.0,0.9937760233879089,"[(1, 0.993776)]"
393,393,7.0,0.9176304936408997,"[(7, 0.9176305), (12, 0.07283752)]"
394,394,4.0,0.618401288986206,"[(4, 0.6184013), (12, 0.36903262)]"
395,395,2.0,0.9800591468811035,"[(2, 0.98005915), (9, 0.013004147)]"
396,396,4.0,0.5104478597640991,"[(2, 0.47884375), (4, 0.51044786)]"
397,397,8.0,0.5491941571235657,"[(2, 0.44116807), (8, 0.54919416)]"
398,398,5.0,0.8842970132827759,"[(2, 0.07165435), (5, 0.884297), (12, 0.03784362)]"
399,399,3.0,0.8414773941040039,"[(1, 0.13881776), (3, 0.8414774)]"
400,400,10.0,0.5875745415687561,"[(8, 0.26827696), (10, 0.58757454), (12, 0.13645242)]"
401,401,4.0,0.80179762840271,"[(2, 0.18420736), (4, 0.8017976)]"
402,402,1.0,0.8400381207466125,"[(1, 0.8400381), (8, 0.12316385), (10, 0.015036821), (12, 0.015380842)]"
403,403,4.0,0.7910440564155579,"[(2, 0.19863415), (4, 0.79104406)]"
404,404,4.0,0.7593634128570557,"[(4, 0.7593634), (13, 0.23281924)]"
405,405,0.0,0.9903757572174072,"[(0, 0.9903757)]"
406,406,10.0,0.8430637121200562,"[(8, 0.14808871), (10, 0.8430637)]"
407,407,7.0,0.9893895387649536,"[(7, 0.9893895)]"
408,408,9.0,0.9902758002281189,"[(9, 0.99027574)]"
409,409,9.0,0.6012005805969238,"[(3, 0.0849688), (9, 0.6012006), (13, 0.3051283)]"
410,410,13.0,0.8652681112289429,"[(11, 0.126777), (13, 0.8652682)]"
411,411,13.0,0.6719047427177429,"[(0, 0.27304658), (8, 0.04749079), (13, 0.67190474)]"
412,412,9.0,0.9910228252410889,"[(9, 0.99102277)]"
413,413,8.0,0.9336705803871155,"[(7, 0.053580698), (8, 0.9336706)]"
414,414,9.0,0.959380567073822,"[(9, 0.9593806)]"
415,415,12.0,0.8986309766769409,"[(9, 0.09243014), (12, 0.898631)]"
416,416,11.0,0.6743680834770203,"[(3, 0.28548744), (11, 0.6743681), (12, 0.031891346)]"
417,417,5.0,0.7846652865409851,"[(5, 0.7846653), (6, 0.20966838)]"
418,418,10.0,0.7025171518325806,"[(9, 0.22951984), (10, 0.70251715), (11, 0.05987525)]"
419,419,8.0,0.7032538652420044,"[(8, 0.70325387), (9, 0.07017842), (11, 0.055996455), (12, 0.16241269)]"
420,420,8.0,0.9911912679672241,"[(8, 0.99119127)]"
421,421,12.0,0.7749643921852112,"[(4, 0.106324665), (6, 0.11036992), (12, 0.7749644)]"
422,422,10.0,0.9531707167625427,"[(2, 0.039836805), (10, 0.9531707)]"
423,423,2.0,0.6922762393951416,"[(2, 0.69227624), (5, 0.29961675)]"
424,424,4.0,0.48525065183639526,"[(1, 0.38065413), (4, 0.48525065), (13, 0.12617017)]"
425,425,4.0,0.5363630056381226,"[(2, 0.05416832), (4, 0.536363), (5, 0.33542266), (7, 0.06865062)]"
426,426,10.0,0.9898504018783569,"[(10, 0.9898504)]"
427,427,5.0,0.9615383744239807,"[(2, 0.030856384), (5, 0.9615384)]"
428,428,14.0,0.5066564083099365,"[(5, 0.13211827), (7, 0.3509649), (14, 0.5066564)]"
429,429,1.0,0.8641642332077026,"[(1, 0.86416423), (9, 0.12936541)]"
430,430,13.0,0.34957852959632874,"[(9, 0.14728905), (10, 0.2675903), (12, 0.08149634), (13, 0.34957853), (14, 0.12834066)]"
431,431,10.0,0.9917358160018921,"[(10, 0.9917358)]"
432,432,10.0,0.9772208333015442,"[(10, 0.9772208)]"
433,433,13.0,0.9902733564376831,"[(13, 0.99027336)]"
434,434,12.0,0.8227148056030273,"[(0, 0.16329394), (12, 0.8227148)]"
435,435,2.0,0.6358345150947571,"[(2, 0.6358345), (13, 0.14476864), (14, 0.18970673)]"
436,436,9.0,0.9866594076156616,"[(9, 0.98665947)]"
437,437,11.0,0.8409742712974548,"[(7, 0.03568047), (9, 0.11294969), (11, 0.8409743)]"
438,438,13.0,0.8797747492790222,"[(10, 0.112749994), (13, 0.87977475)]"
439,439,12.0,0.6377429962158203,"[(9, 0.35069683), (12, 0.637743)]"
440,440,7.0,0.5365402698516846,"[(7, 0.53654027), (9, 0.13706158), (10, 0.31778994)]"
441,441,13.0,0.6303380727767944,"[(2, 0.0906582), (8, 0.26587617), (13, 0.6303381)]"
442,442,1.0,0.664206862449646,"[(1, 0.66420686), (8, 0.29449168)]"
443,443,13.0,0.5849437713623047,"[(1, 0.17300859), (4, 0.10335781), (13, 0.5849438), (14, 0.1290278)]"
444,444,4.0,0.6445317268371582,"[(4, 0.6445317), (6, 0.3468821)]"
445,445,9.0,0.7566862106323242,"[(2, 0.23142746), (9, 0.7566862)]"
446,446,8.0,0.7393107414245605,"[(8, 0.73931074), (9, 0.24730022)]"
447,447,10.0,0.9860625267028809,"[(10, 0.9860625)]"
448,448,4.0,0.9893907308578491,"[(4, 0.98939073)]"
449,449,8.0,0.48958197236061096,"[(0, 0.044976294), (8, 0.48958197), (10, 0.07538497), (12, 0.3835037)]"
450,450,13.0,0.814322292804718,"[(0, 0.17813647), (13, 0.8143223)]"
451,451,8.0,0.9936055541038513,"[(8, 0.99360555)]"
452,452,8.0,0.989507257938385,"[(8, 0.98950726)]"
453,453,4.0,0.9884729385375977,"[(4, 0.98847294)]"
454,454,11.0,0.992217481136322,"[(11, 0.99221754)]"
455,455,9.0,0.8929890394210815,"[(2, 0.087740585), (9, 0.89298904)]"
456,456,7.0,0.9921531677246094,"[(7, 0.9921532)]"
457,457,4.0,0.5692421793937683,"[(1, 0.36835837), (4, 0.5692422), (12, 0.053505063)]"
458,458,6.0,0.9854099750518799,"[(6, 0.98541)]"
459,459,0.0,0.9937751293182373,"[(0, 0.99377507)]"
460,460,0.0,0.7146934270858765,"[(0, 0.7146934), (7, 0.070492946), (9, 0.20879643)]"
461,461,13.0,0.4057532846927643,"[(7, 0.3189187), (9, 0.24563609), (11, 0.02486287), (13, 0.40575328)]"
462,462,3.0,0.8582019805908203,"[(3, 0.858202), (8, 0.13147697)]"
463,463,4.0,0.8918882012367249,"[(4, 0.8918882), (6, 0.09951749)]"
464,464,13.0,0.6572661399841309,"[(0, 0.06300848), (3, 0.08696489), (5, 0.13990225), (10, 0.026677787), (11, 0.023279328), (13, 0.65726614)]"
465,465,13.0,0.900766909122467,"[(6, 0.05843222), (11, 0.036971554), (13, 0.9007669)]"
466,466,11.0,0.9072016477584839,"[(1, 0.07643668), (11, 0.9072016)]"
467,467,1.0,0.686326265335083,"[(1, 0.68632627), (6, 0.3073909)]"
468,468,2.0,0.8666249513626099,"[(2, 0.8666249), (14, 0.12519278)]"
469,469,9.0,0.5917551517486572,"[(2, 0.25817525), (9, 0.59175515), (14, 0.14298533)]"
470,470,10.0,0.589080274105072,"[(8, 0.40476957), (10, 0.5890803)]"
471,471,6.0,0.5201253294944763,"[(5, 0.4732065), (6, 0.5201253)]"
472,472,4.0,0.7189744710922241,"[(2, 0.100684345), (4, 0.7189745), (9, 0.16213392)]"
473,473,7.0,0.5030481815338135,"[(6, 0.48869213), (7, 0.5030482)]"
474,474,11.0,0.7496222257614136,"[(8, 0.24105318), (11, 0.7496222)]"
475,475,6.0,0.3274584114551544,"[(4, 0.31893867), (6, 0.3274584), (11, 0.15213922), (12, 0.16843678), (13, 0.028637663)]"
476,476,13.0,0.9747564792633057,"[(13, 0.9747564)]"
477,477,10.0,0.990173876285553,"[(10, 0.99017394)]"
478,478,5.0,0.6062085628509521,"[(5, 0.60620856), (7, 0.3855337)]"
479,479,2.0,0.9901712536811829,"[(2, 0.99017125)]"
480,480,4.0,0.9877099394798279,"[(4, 0.98771)]"
481,481,4.0,0.9833229184150696,"[(4, 0.983323)]"
482,482,5.0,0.953322172164917,"[(5, 0.95332223), (11, 0.03763962)]"
483,483,2.0,0.35914912819862366,"[(2, 0.35914913), (6, 0.31401187), (9, 0.31670663)]"
484,484,9.0,0.9899600148200989,"[(9, 0.98996)]"
485,485,2.0,0.5188042521476746,"[(2, 0.51880425), (5, 0.47006842)]"
486,486,8.0,0.9937761425971985,"[(8, 0.99377614)]"
487,487,6.0,0.626203715801239,"[(2, 0.11981835), (4, 0.24701576), (6, 0.6262037)]"
488,488,13.0,0.7142361402511597,"[(2, 0.14949776), (7, 0.12924114), (13, 0.71423614)]"
489,489,12.0,0.6991965770721436,"[(0, 0.2720498), (6, 0.019222992), (12, 0.6991966)]"
490,490,5.0,0.9928172826766968,"[(5, 0.9928172)]"
491,491,12.0,0.9883304834365845,"[(12, 0.9883305)]"
492,492,9.0,0.5225638151168823,"[(3, 0.46917325), (9, 0.5225638)]"
493,493,11.0,0.9534319639205933,"[(11, 0.95343196), (12, 0.03974168)]"
494,494,5.0,0.7527199983596802,"[(3, 0.035593886), (5, 0.75272), (7, 0.20215924)]"
495,495,14.0,0.8549605011940002,"[(2, 0.13653778), (14, 0.8549605)]"
496,496,10.0,0.9887534976005554,"[(10, 0.9887535)]"
497,497,4.0,0.9910207390785217,"[(4, 0.9910208)]"
498,498,7.0,0.9934705495834351,"[(7, 0.9934706)]"
499,499,5.0,0.6632120013237,"[(2, 0.016657755), (4, 0.13176519), (5, 0.663212), (12, 0.18198356)]"
500,500,13.0,0.6137948036193848,"[(10, 0.3781001), (13, 0.6137948)]"
501,501,2.0,0.9222345948219299,"[(2, 0.9222346), (7, 0.071527615)]"
502,502,2.0,0.5940457582473755,"[(0, 0.01333734), (1, 0.013337368), (2, 0.59404576), (3, 0.013337319), (4, 0.013337322), (5, 0.013337331), (6, 0.013337346), (7, 0.013337323), (8, 0.01333734), (9, 0.013337341), (10, 0.2325688), (11, 0.01333734), (12, 0.013337319), (13, 0.013337381), (14, 0.013337338)]"
503,503,12.0,0.700779139995575,"[(9, 0.2912654), (12, 0.70077914)]"
504,504,13.0,0.734753429889679,"[(5, 0.2595416), (13, 0.73475343)]"
505,505,0.0,0.9179703593254089,"[(0, 0.9179703), (5, 0.056469385), (9, 0.019403642)]"
506,506,1.0,0.9942351579666138,"[(1, 0.9942352)]"
507,507,9.0,0.5538515448570251,"[(2, 0.024019508), (7, 0.41159517), (9, 0.55385154)]"
508,508,2.0,0.533370852470398,"[(2, 0.53337085), (9, 0.46107092)]"
509,509,1.0,0.9934254884719849,"[(1, 0.9934255)]"
510,510,5.0,0.7182358503341675,"[(5, 0.71823585), (8, 0.14788722), (9, 0.12742232)]"
511,511,5.0,0.8578362464904785,"[(5, 0.85783625), (6, 0.10938781), (13, 0.027797343)]"
512,512,8.0,0.987031877040863,"[(8, 0.9870318)]"
513,513,6.0,0.9887510538101196,"[(6, 0.98875105)]"
514,514,2.0,0.991433322429657,"[(2, 0.9914333)]"
515,515,11.0,0.9888867139816284,"[(11, 0.9888867)]"
516,516,14.0,0.49088743329048157,"[(6, 0.21961613), (7, 0.2822162), (14, 0.4908874)]"
517,517,13.0,0.9944745898246765,"[(13, 0.99447465)]"
518,518,5.0,0.8547855615615845,"[(5, 0.85478556), (9, 0.14201431)]"
519,519,6.0,0.9927068948745728,"[(6, 0.9927069)]"
520,520,10.0,0.9938158392906189,"[(10, 0.9938159)]"
521,521,0.0,0.5151388049125671,"[(0, 0.5151388), (1, 0.37872112), (12, 0.09587221)]"
522,522,5.0,0.7093751430511475,"[(2, 0.27906317), (5, 0.70937514)]"
523,523,9.0,0.8867009282112122,"[(9, 0.8867009), (10, 0.09160964)]"
524,524,11.0,0.9742907285690308,"[(2, 0.016074453), (11, 0.9742907)]"
525,525,0.0,0.6218442320823669,"[(0, 0.62184423), (2, 0.11944734), (5, 0.090548284), (12, 0.16224286)]"
526,526,12.0,0.9446905851364136,"[(5, 0.044046413), (12, 0.9446906)]"
527,527,8.0,0.5082272291183472,"[(8, 0.5082272), (14, 0.48079374)]"
528,528,4.0,0.9928708076477051,"[(4, 0.9928708)]"
529,529,14.0,0.5713021159172058,"[(2, 0.41493186), (14, 0.5713021)]"
530,530,13.0,0.9950848817825317,"[(13, 0.99508494)]"
531,531,9.0,0.40062421560287476,"[(9, 0.40062422), (10, 0.13808838), (12, 0.3742618), (13, 0.0803525)]"
532,532,8.0,0.9906630516052246,"[(8, 0.99066305)]"
533,533,9.0,0.84946209192276,"[(0, 0.14348713), (9, 0.8494621)]"
534,534,13.0,0.3221730887889862,"[(2, 0.25641915), (7, 0.06772097), (8, 0.3130584), (11, 0.03286695), (13, 0.3221731)]"
535,535,11.0,0.9962945580482483,"[(11, 0.99629456)]"
536,536,14.0,0.9921535849571228,"[(14, 0.9921536)]"
537,537,14.0,0.39736685156822205,"[(4, 0.093541965), (9, 0.12608042), (13, 0.37371606), (14, 0.39736685)]"
538,538,4.0,0.9856358170509338,"[(4, 0.9856359)]"
539,539,3.0,0.6874367594718933,"[(3, 0.68743676), (12, 0.2985796)]"
540,540,10.0,0.734354555606842,"[(10, 0.73435456), (12, 0.25094)]"
541,541,6.0,0.9474878311157227,"[(6, 0.9474879), (10, 0.028339395), (13, 0.015657516)]"
542,542,10.0,0.6048853397369385,"[(10, 0.60488534), (13, 0.31622437)]"
543,543,6.0,0.9564434289932251,"[(6, 0.9564435), (8, 0.03810356)]"
544,544,8.0,0.8287205696105957,"[(4, 0.10324317), (6, 0.019603143), (8, 0.82872057), (9, 0.042874135)]"
545,545,3.0,0.9698808789253235,"[(3, 0.9698809)]"
546,546,6.0,0.6906962394714355,"[(6, 0.69069624), (8, 0.2955381)]"
547,547,1.0,0.960805356502533,"[(1, 0.96080536), (5, 0.033908192)]"
548,548,7.0,0.7514942288398743,"[(7, 0.7514942), (11, 0.142566), (13, 0.10207213)]"
549,549,6.0,0.9294778108596802,"[(1, 0.06607603), (6, 0.9294779)]"
550,550,10.0,0.9884716868400574,"[(10, 0.9884717)]"
551,551,11.0,0.9903751015663147,"[(11, 0.9903751)]"
552,552,10.0,0.7291759848594666,"[(6, 0.12810886), (10, 0.729176), (13, 0.13834085)]"
553,553,6.0,0.9935166239738464,"[(6, 0.9935167)]"
554,554,1.0,0.6239504218101501,"[(1, 0.6239504), (5, 0.095242135), (6, 0.26968318)]"
555,555,7.0,0.7900073528289795,"[(7, 0.79000735), (11, 0.20173576)]"
556,556,0.0,0.9902726411819458,"[(0, 0.99027264)]"
557,557,7.0,0.35902315378189087,"[(5, 0.2968983), (7, 0.35902315), (8, 0.33827746)]"
558,558,13.0,0.744162380695343,"[(5, 0.25073746), (13, 0.7441624)]"
559,559,14.0,0.7009508013725281,"[(5, 0.29001608), (14, 0.7009508)]"
560,560,10.0,0.5703161358833313,"[(10, 0.57031614), (11, 0.4202595)]"
561,561,7.0,0.7952405214309692,"[(5, 0.19897595), (7, 0.7952405)]"
562,562,2.0,0.4826291799545288,"[(2, 0.48262918), (10, 0.34207425), (12, 0.16503488)]"
563,563,5.0,0.988326370716095,"[(5, 0.9883264)]"
564,564,12.0,0.8474535346031189,"[(10, 0.1437866), (12, 0.84745353)]"
565,565,12.0,0.9823783040046692,"[(12, 0.9823783)]"
566,566,11.0,0.6865158677101135,"[(2, 0.03759782), (9, 0.2665776), (11, 0.68651587)]"
567,567,12.0,0.9875504374504089,"[(12, 0.98755044)]"
568,568,11.0,0.6145346760749817,"[(2, 0.37212437), (11, 0.6145347)]"
569,569,2.0,0.7707600593566895,"[(2, 0.77076006), (12, 0.21428631)]"
570,570,7.0,0.9632020592689514,"[(4, 0.026090097), (7, 0.96320206)]"
571,571,10.0,0.9568027853965759,"[(10, 0.9568028), (12, 0.035455137)]"
572,572,9.0,0.8305051326751709,"[(4, 0.15673919), (9, 0.83050513)]"
573,573,8.0,0.8812427520751953,"[(7, 0.10778293), (8, 0.8812427)]"
574,574,6.0,0.9873812198638916,"[(6, 0.9873812)]"
575,575,3.0,0.9836217164993286,"[(3, 0.9836217)]"
576,576,11.0,0.5317518711090088,"[(3, 0.21399347), (11, 0.5317519), (14, 0.24248287)]"
577,577,11.0,0.5704938173294067,"[(2, 0.40320686), (11, 0.5704938)]"
578,578,10.0,0.6331720948219299,"[(1, 0.327406), (10, 0.6331721)]"
579,579,2.0,0.9140189290046692,"[(2, 0.9140189), (7, 0.08023955)]"
580,580,2.0,0.42409548163414,"[(2, 0.42409548), (7, 0.35337606), (9, 0.12431097), (12, 0.092294924)]"
581,581,2.0,0.6552751064300537,"[(2, 0.6552751), (14, 0.3343983)]"
582,582,12.0,0.9903755187988281,"[(12, 0.9903755)]"
583,583,14.0,0.9816855788230896,"[(14, 0.9816856)]"
584,584,7.0,0.964067816734314,"[(7, 0.9640679)]"
585,585,13.0,0.7197823524475098,"[(12, 0.2721878), (13, 0.71978235)]"
586,586,13.0,0.5968568325042725,"[(2, 0.2561361), (12, 0.1371259), (13, 0.59685683)]"
587,587,6.0,0.9873811602592468,"[(6, 0.98738116)]"
588,588,6.0,0.7326774001121521,"[(2, 0.25746667), (6, 0.7326774)]"
589,589,4.0,0.9886118769645691,"[(4, 0.98861194)]"
590,590,8.0,0.7186993956565857,"[(2, 0.1008035), (8, 0.7186994), (11, 0.17493246)]"
591,591,5.0,0.5453397035598755,"[(5, 0.5453397), (6, 0.44339827)]"
592,592,0.0,0.9956157207489014,"[(0, 0.9956157)]"
593,593,10.0,0.988031268119812,"[(10, 0.9880313)]"
594,594,7.0,0.5743282437324524,"[(2, 0.41440818), (7, 0.57432824)]"
595,595,7.0,0.6197771430015564,"[(3, 0.30599314), (4, 0.06782555), (7, 0.61977714)]"
596,596,12.0,0.5931744575500488,"[(5, 0.27709943), (12, 0.59317446), (13, 0.11959189)]"
597,597,5.0,0.8900880217552185,"[(5, 0.8900881), (14, 0.09920515)]"
598,598,5.0,0.47645556926727295,"[(5, 0.4764556), (9, 0.089032575), (12, 0.18949957), (13, 0.23606022)]"
599,599,4.0,0.6351679563522339,"[(0, 0.15268077), (4, 0.63516796), (10, 0.20315543)]"
600,600,5.0,0.9674831628799438,"[(5, 0.9674832), (8, 0.025103774)]"
601,601,12.0,0.4995434880256653,"[(1, 0.49132738), (12, 0.4995435)]"
602,602,8.0,0.929301381111145,"[(7, 0.061274122), (8, 0.9293014)]"
603,603,3.0,0.9827102422714233,"[(3, 0.9827103)]"
604,604,7.0,0.6528903245925903,"[(2, 0.07151346), (4, 0.26908714), (7, 0.6528903)]"
605,605,14.0,0.5941442847251892,"[(7, 0.31291202), (8, 0.087422825), (14, 0.5941443)]"
606,606,6.0,0.9221911430358887,"[(6, 0.92219114)]"
607,607,12.0,0.9916640520095825,"[(12, 0.991664)]"
608,608,12.0,0.9917370080947876,"[(12, 0.991737)]"
609,609,11.0,0.7442218661308289,"[(8, 0.24532537), (11, 0.74422187)]"
610,610,2.0,0.5599291920661926,"[(2, 0.5599292), (9, 0.26257202), (11, 0.01007323), (14, 0.16075447)]"
611,611,2.0,0.989507257938385,"[(2, 0.9895073)]"
612,612,2.0,0.9911926984786987,"[(2, 0.99119264)]"
613,613,2.0,0.9870290756225586,"[(2, 0.98702914)]"
614,614,13.0,0.5354859828948975,"[(2, 0.45246604), (13, 0.535486)]"
615,615,12.0,0.47968772053718567,"[(2, 0.07214933), (3, 0.06505461), (12, 0.47968775), (14, 0.36152142)]"
616,616,2.0,0.7563813924789429,"[(1, 0.23580247), (2, 0.7563814)]"
617,617,1.0,0.5382338166236877,"[(1, 0.5382338), (2, 0.43051106), (10, 0.022258034)]"
618,618,13.0,0.43159425258636475,"[(3, 0.041654408), (4, 0.23649515), (7, 0.28151757), (13, 0.43159422)]"
619,619,2.0,0.7646356821060181,"[(2, 0.7646357), (14, 0.22795242)]"
620,620,9.0,0.8245248794555664,"[(1, 0.057360582), (5, 0.112313904), (9, 0.8245249)]"
621,621,9.0,0.7879958152770996,"[(9, 0.7879958), (11, 0.20341706)]"
622,622,0.0,0.6476975083351135,"[(0, 0.6476975), (11, 0.34025863)]"
623,623,0.0,0.879239559173584,"[(0, 0.8792396), (12, 0.11347544)]"
624,624,3.0,0.9892665147781372,"[(3, 0.9892665)]"
625,625,8.0,0.9868475198745728,"[(8, 0.9868476)]"
626,626,2.0,0.5622254014015198,"[(2, 0.5622254), (4, 0.04184221), (9, 0.23528406), (14, 0.15396656)]"
627,627,5.0,0.9903729557991028,"[(5, 0.99037296)]"
628,628,14.0,0.9918088316917419,"[(14, 0.9918088)]"
629,629,2.0,0.9909349083900452,"[(2, 0.9909349)]"
630,630,9.0,0.9868493676185608,"[(9, 0.98684937)]"
631,631,1.0,0.7618855834007263,"[(1, 0.7618856), (4, 0.23123361)]"
632,632,0.0,0.8540241718292236,"[(0, 0.8540242), (3, 0.13816151)]"
633,633,6.0,0.9877123236656189,"[(6, 0.9877123)]"
634,634,13.0,0.9846876263618469,"[(13, 0.9846876)]"
635,635,13.0,0.9716944098472595,"[(13, 0.97169435)]"
636,636,13.0,0.9833246469497681,"[(13, 0.98332465)]"
637,637,11.0,0.5318986773490906,"[(8, 0.20046058), (11, 0.5318987), (12, 0.25406897)]"
638,638,4.0,0.9350712299346924,"[(4, 0.93507123), (11, 0.056429278)]"
639,639,3.0,0.4152449071407318,"[(3, 0.4152449), (4, 0.31183288), (12, 0.2669029)]"
640,640,9.0,0.5143452882766724,"[(0, 0.25264874), (2, 0.22545357), (9, 0.5143453)]"
641,641,6.0,0.7457696199417114,"[(1, 0.24987234), (6, 0.7457696)]"
642,642,14.0,0.9926471710205078,"[(14, 0.9926472)]"
643,643,10.0,0.6536984443664551,"[(10, 0.65369844), (13, 0.33184955)]"
644,644,10.0,0.38398605585098267,"[(1, 0.29218158), (10, 0.38398606), (12, 0.31002697)]"
645,645,9.0,0.678005576133728,"[(4, 0.25699252), (9, 0.6780056), (12, 0.055117108)]"
646,646,9.0,0.9008141160011292,"[(7, 0.09276362), (9, 0.9008141)]"
647,647,9.0,0.8951181173324585,"[(9, 0.8951182), (11, 0.09747162)]"
648,648,9.0,0.910143256187439,"[(9, 0.91014326), (11, 0.08303001)]"
649,649,9.0,0.449724406003952,"[(2, 0.15461783), (4, 0.38887277), (9, 0.44972444)]"
650,650,11.0,0.37143397331237793,"[(7, 0.31758696), (9, 0.3044184), (11, 0.37143397)]"
651,651,2.0,0.9890134930610657,"[(2, 0.9890135)]"
652,652,4.0,0.7218526601791382,"[(3, 0.06957839), (4, 0.72185266), (12, 0.19153963)]"
653,653,12.0,0.8007020354270935,"[(3, 0.19053799), (12, 0.80070204)]"
654,654,1.0,0.9915887713432312,"[(1, 0.9915888)]"
655,655,4.0,0.9816881418228149,"[(4, 0.98168814)]"
656,656,4.0,0.9886151552200317,"[(4, 0.9886152)]"
657,657,2.0,0.7908076643943787,"[(2, 0.79080766), (9, 0.19281937)]"
658,658,11.0,0.8831939697265625,"[(11, 0.88319397)]"
659,659,2.0,0.5458622574806213,"[(2, 0.54586226), (8, 0.1779819), (9, 0.26830545)]"
660,660,9.0,0.9936922788619995,"[(9, 0.9936922)]"
661,661,4.0,0.6538018584251404,"[(4, 0.65380186), (6, 0.33963022)]"
662,662,9.0,0.9934254884719849,"[(9, 0.99342555)]"
663,663,9.0,0.9924697875976562,"[(9, 0.99246985)]"
664,664,6.0,0.7100591063499451,"[(6, 0.7100591), (12, 0.21151829), (14, 0.06745984)]"
665,665,0.0,0.74037766456604,"[(0, 0.74037766), (5, 0.22493622)]"
666,666,11.0,0.9943410754203796,"[(11, 0.9943411)]"
667,667,9.0,0.9903753399848938,"[(9, 0.99037534)]"
668,668,8.0,0.9890163540840149,"[(8, 0.98901635)]"
669,669,5.0,0.8627054691314697,"[(2, 0.12645267), (5, 0.86270547)]"
670,670,12.0,0.3757323622703552,"[(12, 0.37573236), (13, 0.352267), (14, 0.2652735)]"
671,671,6.0,0.9862666130065918,"[(6, 0.9862667)]"
672,672,12.0,0.9465422034263611,"[(12, 0.94654214), (14, 0.04402689)]"
673,673,6.0,0.7468759417533875,"[(4, 0.23867466), (6, 0.74687594)]"
674,674,4.0,0.8746552467346191,"[(1, 0.11537432), (4, 0.8746552)]"
675,675,6.0,0.9892702102661133,"[(6, 0.98927027)]"
676,676,5.0,0.5539025068283081,"[(4, 0.31439728), (5, 0.5539025), (14, 0.118128605)]"
677,677,9.0,0.7234563827514648,"[(0, 0.109862685), (9, 0.7234564), (11, 0.1586733)]"
678,678,9.0,0.9906629920005798,"[(9, 0.99066293)]"
679,679,14.0,0.8456180095672607,"[(10, 0.14441487), (14, 0.845618)]"
680,680,8.0,0.9899585247039795,"[(8, 0.9899586)]"
681,681,12.0,0.9875490665435791,"[(12, 0.98754907)]"
682,682,4.0,0.9833213090896606,"[(4, 0.98332125)]"
683,683,2.0,0.5145542025566101,"[(0, 0.07776939), (2, 0.5145542), (12, 0.37584203)]"
684,684,3.0,0.9797013401985168,"[(3, 0.97970134)]"
685,685,11.0,0.9895079135894775,"[(11, 0.9895079)]"
686,686,3.0,0.98238605260849,"[(3, 0.98238605)]"
687,687,5.0,0.9884722232818604,"[(5, 0.9884722)]"
688,688,7.0,0.42008310556411743,"[(7, 0.4200831), (11, 0.16112871), (14, 0.4042285)]"
689,689,9.0,0.667899489402771,"[(1, 0.32068768), (9, 0.6678995)]"
690,690,0.0,0.9873836040496826,"[(0, 0.9873836)]"
691,691,13.0,0.9900638461112976,"[(13, 0.99006385)]"
692,692,10.0,0.4951270520687103,"[(4, 0.49478814), (10, 0.49512702)]"
693,693,14.0,0.992649495601654,"[(14, 0.99264956)]"
694,694,2.0,0.9910212755203247,"[(2, 0.9910212)]"
695,695,13.0,0.9502994418144226,"[(12, 0.039734527), (13, 0.95029944)]"
696,696,2.0,0.6345812678337097,"[(2, 0.63458127), (11, 0.35320088)]"
697,697,14.0,0.8898590803146362,"[(4, 0.10403523), (14, 0.8898591)]"
698,698,8.0,0.8527209758758545,"[(8, 0.852721), (10, 0.138247)]"
699,699,12.0,0.9899610877037048,"[(12, 0.9899611)]"
700,700,3.0,0.9849417805671692,"[(3, 0.9849418)]"
701,701,10.0,0.9870317578315735,"[(10, 0.98703176)]"
702,702,2.0,0.4862857758998871,"[(2, 0.48628578), (3, 0.46744183), (9, 0.03466534)]"
703,703,6.0,0.6452212333679199,"[(0, 0.350189), (6, 0.64522123)]"
704,704,12.0,0.7242555022239685,"[(12, 0.7242555), (13, 0.2656575)]"
705,705,12.0,0.8576182723045349,"[(11, 0.1347073), (12, 0.8576183)]"
706,706,9.0,0.943713903427124,"[(4, 0.043900464), (9, 0.94371384)]"
707,707,1.0,0.9897399544715881,"[(1, 0.9897399)]"
708,708,12.0,0.8842003345489502,"[(7, 0.10960671), (12, 0.88420033)]"
709,709,0.0,0.4282846450805664,"[(0, 0.42828465), (2, 0.23953421), (8, 0.32800603)]"
710,710,5.0,0.697084367275238,"[(5, 0.69708437), (11, 0.29580712)]"
711,711,14.0,0.5910571813583374,"[(2, 0.34661), (7, 0.05505375), (14, 0.5910572)]"
712,712,4.0,0.9827694296836853,"[(4, 0.9827694), (5, 0.010402586)]"
713,713,8.0,0.8249664306640625,"[(8, 0.82496643), (10, 0.16506593)]"
714,714,11.0,0.9902734160423279,"[(11, 0.9902735)]"
715,715,7.0,0.734699547290802,"[(7, 0.73469955), (13, 0.25509834)]"
716,716,0.0,0.6169342398643494,"[(0, 0.61693424), (2, 0.17438075), (9, 0.20160155)]"
717,717,2.0,0.5733680129051208,"[(2, 0.573368), (9, 0.41536614)]"
718,718,2.0,0.9892690181732178,"[(2, 0.989269)]"
719,719,13.0,0.9887479543685913,"[(13, 0.98874795)]"
720,720,2.0,0.7866145372390747,"[(2, 0.78661454), (3, 0.110050134), (9, 0.09188383)]"
721,721,7.0,0.9860613346099854,"[(7, 0.98606133)]"
722,722,9.0,0.41103261709213257,"[(2, 0.3679718), (3, 0.04307416), (9, 0.41103262), (10, 0.1674368)]"
723,723,8.0,0.9854092001914978,"[(8, 0.98540926)]"
724,724,14.0,0.8019949197769165,"[(5, 0.17874268), (6, 0.012754304), (14, 0.8019949)]"
725,725,1.0,0.85808926820755,"[(1, 0.85808927), (14, 0.13562776)]"
726,726,8.0,0.7925275564193726,"[(1, 0.19862366), (8, 0.79252756)]"
727,727,3.0,0.9915127754211426,"[(3, 0.9915128)]"
728,728,0.0,0.7501912117004395,"[(0, 0.7501912), (10, 0.20729464), (11, 0.033200126)]"
729,729,12.0,0.7469924092292786,"[(12, 0.7469924), (14, 0.24424697)]"
730,730,13.0,0.9925318360328674,"[(13, 0.99253184)]"
731,731,4.0,0.8740238547325134,"[(4, 0.8740238), (11, 0.11915009)]"
732,732,10.0,0.8774009943008423,"[(10, 0.877401), (12, 0.116127886)]"
733,733,7.0,0.9923471212387085,"[(7, 0.9923471)]"
734,734,1.0,0.5911703109741211,"[(1, 0.5911703), (2, 0.39568835)]"
735,735,2.0,0.7227159738540649,"[(2, 0.722716), (9, 0.26629442)]"
736,736,8.0,0.8083211183547974,"[(7, 0.18479753), (8, 0.8083211)]"
737,737,3.0,0.8205035924911499,"[(2, 0.15606539), (3, 0.8205036)]"
738,738,0.0,0.3690662980079651,"[(0, 0.3690663), (7, 0.14545017), (8, 0.15095925), (9, 0.32117945)]"
739,739,14.0,0.9886148571968079,"[(14, 0.98861486)]"
740,740,12.0,0.9903742074966431,"[(12, 0.9903742)]"
741,741,3.0,0.6537772417068481,"[(3, 0.65377724), (5, 0.33804223)]"
742,742,6.0,0.5785653591156006,"[(6, 0.57856536), (7, 0.21572979), (11, 0.1996881)]"
743,743,8.0,0.993134081363678,"[(8, 0.9931341)]"
744,744,5.0,0.9953550100326538,"[(5, 0.99535507)]"
745,745,1.0,0.49821579456329346,"[(1, 0.4982158), (6, 0.18026762), (7, 0.3148438)]"
746,746,12.0,0.9921554327011108,"[(12, 0.99215543)]"
747,747,7.0,0.9877128005027771,"[(7, 0.98771286)]"
748,748,7.0,0.993897557258606,"[(7, 0.9938976)]"
749,749,10.0,0.6895992755889893,"[(6, 0.3029257), (10, 0.6895993)]"
750,750,3.0,0.9747666120529175,"[(3, 0.97476655)]"
751,751,8.0,0.7938497066497803,"[(8, 0.7938497), (9, 0.19773263)]"
752,752,3.0,0.5329301953315735,"[(3, 0.5329302), (8, 0.08557654), (12, 0.3734813)]"
753,753,8.0,0.2568241059780121,"[(2, 0.1241779), (4, 0.23988801), (8, 0.2568241), (9, 0.09359235), (11, 0.24799372), (12, 0.030284274)]"
754,754,6.0,0.9886152744293213,"[(6, 0.9886153)]"
755,755,4.0,0.4379110336303711,"[(4, 0.43791106), (6, 0.33199573), (12, 0.21629679)]"
756,756,6.0,0.9823874831199646,"[(6, 0.98238754)]"
757,757,8.0,0.9920881390571594,"[(8, 0.9920882)]"
758,758,11.0,0.7566581964492798,"[(7, 0.23440172), (11, 0.7566582)]"
759,759,12.0,0.42233550548553467,"[(4, 0.3534337), (12, 0.4223355), (13, 0.21605824)]"
760,760,4.0,0.5778149962425232,"[(4, 0.577815), (8, 0.4132432)]"
761,761,1.0,0.9910217523574829,"[(1, 0.99102175)]"
762,762,5.0,0.9841760993003845,"[(5, 0.98417616)]"
763,763,10.0,0.6910817623138428,"[(8, 0.3000694), (10, 0.69108176)]"
764,764,5.0,0.9472727179527283,"[(5, 0.94727266), (8, 0.044546846)]"
765,765,9.0,0.6231443881988525,"[(5, 0.14630277), (6, 0.06932686), (9, 0.6231444), (11, 0.15117301)]"
766,766,8.0,0.9929272532463074,"[(8, 0.9929272)]"
767,767,7.0,0.9787697196006775,"[(7, 0.9787697)]"
768,768,0.0,0.5036774277687073,"[(0, 0.5036774), (8, 0.48719496)]"
769,769,8.0,0.6476444602012634,"[(7, 0.34417593), (8, 0.64764446)]"
770,770,14.0,0.4999317526817322,"[(0, 0.14885801), (8, 0.07956923), (11, 0.2479554), (14, 0.49993175)]"
771,771,11.0,0.8488214612007141,"[(6, 0.14369969), (11, 0.84882146)]"
772,772,10.0,0.6745513677597046,"[(2, 0.25989047), (10, 0.67455137), (11, 0.056557965)]"
773,773,5.0,0.988885223865509,"[(5, 0.98888516)]"
774,774,14.0,0.3850364685058594,"[(1, 0.26676857), (9, 0.13406645), (11, 0.20923685), (14, 0.38503647)]"
775,775,4.0,0.5745015144348145,"[(4, 0.5745015), (5, 0.28711843), (9, 0.13159181)]"
776,776,9.0,0.6028110384941101,"[(1, 0.05180534), (5, 0.11595891), (6, 0.22229911), (9, 0.60281104)]"
777,777,9.0,0.554482102394104,"[(2, 0.26038986), (3, 0.045304712), (9, 0.5544821), (10, 0.02995662), (14, 0.10396175)]"
778,778,3.0,0.9916650652885437,"[(3, 0.991665)]"
779,779,13.0,0.7290089726448059,"[(6, 0.1936588), (7, 0.06572799), (13, 0.729009)]"
780,780,0.0,0.5062492489814758,"[(0, 0.50624925), (6, 0.33487716), (11, 0.15110259)]"
781,781,14.0,0.9467498660087585,"[(4, 0.04577507), (14, 0.9467498)]"
782,782,2.0,0.5672479867935181,"[(2, 0.567248), (3, 0.42416665)]"
783,783,13.0,0.9112358689308167,"[(10, 0.081767686), (13, 0.91123587)]"
784,784,13.0,0.8690975904464722,"[(12, 0.11963976), (13, 0.86909753)]"
785,785,0.0,0.9943751692771912,"[(0, 0.99437517)]"
786,786,7.0,0.9900670051574707,"[(7, 0.990067)]"
787,787,4.0,0.6513261198997498,"[(4, 0.6513261), (12, 0.33870855)]"
788,788,4.0,0.6873964667320251,"[(4, 0.68739647), (12, 0.30499873)]"
789,789,1.0,0.9911062717437744,"[(1, 0.9911063)]"
790,790,11.0,0.9897378087043762,"[(11, 0.98973775)]"
791,791,8.0,0.9928175806999207,"[(8, 0.9928175)]"
792,792,3.0,0.9888848066329956,"[(3, 0.9888848)]"
793,793,13.0,0.9878756403923035,"[(13, 0.98787564)]"
794,794,13.0,0.5206852555274963,"[(4, 0.32346502), (5, 0.14894776), (13, 0.52068526)]"
795,795,8.0,0.6467574834823608,"[(1, 0.34651953), (8, 0.6467575)]"
796,796,7.0,0.6442396640777588,"[(0, 0.20664172), (7, 0.64423966), (14, 0.13698995)]"
797,797,3.0,0.9911919832229614,"[(3, 0.9911919)]"
798,798,2.0,0.7477430701255798,"[(2, 0.74774307), (12, 0.23968302)]"
799,799,9.0,0.360698938369751,"[(1, 0.13733776), (2, 0.1933023), (9, 0.36069894), (10, 0.11856792), (12, 0.1851095)]"
800,800,5.0,0.7354900240898132,"[(5, 0.73549), (7, 0.13704014), (11, 0.12068661)]"
801,801,13.0,0.9594026207923889,"[(13, 0.9594026)]"
802,802,14.0,0.9929280281066895,"[(14, 0.9929281)]"
803,803,14.0,0.9914336204528809,"[(14, 0.9914336)]"
804,804,11.0,0.5324149131774902,"[(4, 0.45057487), (11, 0.5324149)]"
805,805,12.0,0.9452095627784729,"[(0, 0.039838683), (12, 0.94520956)]"
806,806,6.0,0.9183863997459412,"[(6, 0.9183864), (9, 0.06922723)]"
807,807,7.0,0.9862683415412903,"[(7, 0.9862684)]"
808,808,6.0,0.985852837562561,"[(6, 0.98585284)]"
809,809,9.0,0.985174834728241,"[(9, 0.98517483)]"
810,810,8.0,0.5877651572227478,"[(0, 0.38059738), (4, 0.021756988), (8, 0.58776516)]"
811,811,8.0,0.741685688495636,"[(7, 0.075285845), (8, 0.7416857), (12, 0.1497069), (13, 0.026521593)]"
812,812,9.0,0.6573676466941833,"[(8, 0.33179474), (9, 0.65736765)]"
813,813,10.0,0.8961383700370789,"[(9, 0.09463791), (10, 0.89613837)]"
814,814,12.0,0.9754078984260559,"[(12, 0.97540796)]"
815,815,4.0,0.6934863328933716,"[(4, 0.69348633), (11, 0.29687622)]"
816,816,9.0,0.9938564300537109,"[(9, 0.9938564)]"
817,817,5.0,0.969061553478241,"[(5, 0.9690616), (14, 0.023588309)]"
818,818,13.0,0.9939771294593811,"[(13, 0.9939771)]"
819,819,2.0,0.9900659918785095,"[(2, 0.99006593)]"
820,820,1.0,0.5012209415435791,"[(1, 0.50122094), (3, 0.23199089), (9, 0.25827205)]"
821,821,6.0,0.9877156019210815,"[(6, 0.98771554)]"
822,822,7.0,0.8464574217796326,"[(4, 0.13653211), (7, 0.8464574)]"
823,823,14.0,0.9135503172874451,"[(2, 0.07350986), (14, 0.9135504)]"
824,824,10.0,0.7051237225532532,"[(10, 0.7051237), (13, 0.28620046)]"
825,825,1.0,0.9944419264793396,"[(1, 0.9944419)]"
826,826,14.0,0.9594040513038635,"[(14, 0.95940405)]"
827,827,14.0,0.9939371943473816,"[(14, 0.9939372)]"
828,828,5.0,0.9940906763076782,"[(5, 0.99409074)]"
829,829,12.0,0.9953988790512085,"[(12, 0.9953988)]"
830,830,9.0,0.9072652459144592,"[(9, 0.90726525), (10, 0.08775062)]"
831,831,10.0,0.5133587718009949,"[(0, 0.48197842), (10, 0.5133588)]"
832,832,12.0,0.9862714409828186,"[(12, 0.98627144)]"
833,833,4.0,0.8060041069984436,"[(4, 0.8060041), (11, 0.1857377)]"
834,834,9.0,0.9897406697273254,"[(9, 0.98974067)]"
835,835,10.0,0.9838939309120178,"[(10, 0.98389393)]"
836,836,2.0,0.495378315448761,"[(1, 0.16867869), (2, 0.49537832), (4, 0.13405862), (6, 0.12981558), (11, 0.06600265)]"
837,837,4.0,0.6593092679977417,"[(4, 0.65930927), (7, 0.27420804), (8, 0.059579056)]"
838,838,9.0,0.8858414888381958,"[(7, 0.10493509), (9, 0.8858415)]"
839,839,0.0,0.7599154710769653,"[(0, 0.7599155), (10, 0.21784632)]"
840,840,13.0,0.992926836013794,"[(13, 0.9929268)]"
841,841,5.0,0.9897348284721375,"[(5, 0.9897348)]"
842,842,10.0,0.5551345348358154,"[(6, 0.43415654), (10, 0.55513453)]"
843,843,9.0,0.9534837603569031,"[(9, 0.9534838), (12, 0.041096568)]"
844,844,10.0,0.9934712648391724,"[(10, 0.9934713)]"
845,845,7.0,0.5314023494720459,"[(7, 0.53140235), (8, 0.16948411), (9, 0.29295537)]"
846,846,14.0,0.7319098114967346,"[(13, 0.26379654), (14, 0.7319098)]"
847,847,0.0,0.9935601949691772,"[(0, 0.9935602)]"
848,848,4.0,0.9760575294494629,"[(4, 0.9760575)]"
849,849,13.0,0.9920209646224976,"[(13, 0.992021)]"
850,850,9.0,0.7249165773391724,"[(9, 0.7249166), (11, 0.26791912)]"
851,851,9.0,0.9910234212875366,"[(9, 0.9910234)]"
852,852,10.0,0.9862706065177917,"[(10, 0.9862706)]"
853,853,4.0,0.6908804178237915,"[(4, 0.6908804), (9, 0.30026588)]"
854,854,6.0,0.5191786885261536,"[(6, 0.5191787), (7, 0.17074414), (11, 0.30259684)]"
855,855,4.0,0.9922820329666138,"[(4, 0.99228203)]"
856,856,12.0,0.7800329923629761,"[(3, 0.20620115), (12, 0.780033)]"
857,857,4.0,0.821273684501648,"[(4, 0.8212737), (7, 0.17054816)]"
858,858,10.0,0.9823786020278931,"[(10, 0.9823786)]"
859,859,6.0,0.9888838529586792,"[(6, 0.9888839)]"
860,860,14.0,0.6279796957969666,"[(2, 0.16988927), (10, 0.1915994), (14, 0.6279797)]"
861,861,3.0,0.5447185635566711,"[(3, 0.54471856), (8, 0.26287305), (10, 0.18143909)]"
862,862,1.0,0.7461835145950317,"[(1, 0.7461835), (2, 0.2438521)]"
863,863,1.0,0.6434497237205505,"[(1, 0.6434497), (2, 0.16314127), (9, 0.18376765)]"
864,864,2.0,0.7665006518363953,"[(2, 0.76650065), (7, 0.22693053)]"
865,865,9.0,0.9925307631492615,"[(9, 0.9925307)]"
866,866,1.0,0.8406768441200256,"[(0, 0.032311875), (1, 0.84067684), (5, 0.122489154)]"
867,867,7.0,0.6129868626594543,"[(7, 0.61298686), (10, 0.35808295)]"
868,868,12.0,0.3225574493408203,"[(0, 0.2888449), (5, 0.069247566), (10, 0.3074971), (12, 0.32255745)]"
869,869,14.0,0.9866608381271362,"[(14, 0.9866609)]"
870,870,9.0,0.7725870013237,"[(9, 0.772587), (12, 0.22084355)]"
871,871,5.0,0.5931693315505981,"[(5, 0.59316933), (7, 0.23031114), (13, 0.17006321)]"
872,872,10.0,0.9849421977996826,"[(10, 0.9849422)]"
873,873,6.0,0.5956907868385315,"[(2, 0.253605), (6, 0.5956908), (12, 0.14522095)]"
874,874,7.0,0.9887504577636719,"[(7, 0.9887504)]"
875,875,3.0,0.9907564520835876,"[(3, 0.99075645)]"
876,876,3.0,0.5285952091217041,"[(3, 0.5285952), (7, 0.46314773)]"
877,877,2.0,0.9932835102081299,"[(2, 0.99328345)]"
878,878,6.0,0.46070536971092224,"[(3, 0.21381326), (4, 0.3160655), (6, 0.46070537)]"
879,879,10.0,0.6547901630401611,"[(7, 0.16346669), (9, 0.1745962), (10, 0.65479016)]"
880,880,8.0,0.5828703045845032,"[(8, 0.5828703), (12, 0.4064225)]"
881,881,8.0,0.9927072525024414,"[(8, 0.9927073)]"
882,882,4.0,0.9898481369018555,"[(4, 0.9898482)]"
883,883,8.0,0.8001511096954346,"[(5, 0.19223557), (8, 0.8001511)]"
884,884,12.0,0.8894808888435364,"[(7, 0.104660735), (12, 0.8894809)]"
885,885,13.0,0.9864653944969177,"[(13, 0.98646533)]"
886,886,9.0,0.8399918079376221,"[(0, 0.15226339), (9, 0.8399918)]"
887,887,13.0,0.9061363935470581,"[(10, 0.08560471), (13, 0.9061364)]"
888,888,1.0,0.8356430530548096,"[(1, 0.83564305), (2, 0.10614301), (10, 0.05181099)]"
889,889,14.0,0.9881804585456848,"[(14, 0.9881805)]"
890,890,0.0,0.993857741355896,"[(0, 0.99385774)]"
891,891,9.0,0.42515838146209717,"[(3, 0.16478376), (9, 0.42515838), (11, 0.39893496)]"
892,892,0.0,0.7186917662620544,"[(0, 0.71869177), (12, 0.101302184), (14, 0.1749397)]"
893,893,5.0,0.6029864549636841,"[(0, 0.38737804), (5, 0.60298645)]"
894,894,4.0,0.9616212248802185,"[(2, 0.019106364), (4, 0.96162117)]"
895,895,7.0,0.9870305061340332,"[(7, 0.9870305)]"
896,896,12.0,0.9841760993003845,"[(12, 0.98417616)]"
897,897,1.0,0.9906635880470276,"[(1, 0.9906636)]"
898,898,7.0,0.6986376047134399,"[(1, 0.2936885), (7, 0.6986376)]"
899,899,12.0,0.7200203537940979,"[(4, 0.23364025), (7, 0.011966029), (9, 0.022875508), (12, 0.72002035)]"
900,900,2.0,0.8836673498153687,"[(2, 0.88366735), (12, 0.10163237)]"
901,901,7.0,0.8875851631164551,"[(4, 0.10196598), (7, 0.88758516)]"
902,902,7.0,0.8060358166694641,"[(0, 0.15557432), (7, 0.8060358), (10, 0.033050008)]"
903,903,8.0,0.9432111382484436,"[(2, 0.046465058), (8, 0.9432111)]"
904,904,8.0,0.5077545642852783,"[(0, 0.4796808), (8, 0.50775456)]"
905,905,3.0,0.9901703000068665,"[(3, 0.9901703)]"
906,906,0.0,0.4996291995048523,"[(0, 0.4996292), (2, 0.46550047), (12, 0.02577539)]"
907,907,3.0,0.9915876388549805,"[(3, 0.99158764)]"
908,908,4.0,0.6193757653236389,"[(2, 0.36663574), (4, 0.61937577)]"
909,909,6.0,0.9892690181732178,"[(6, 0.98926896)]"
910,910,12.0,0.9274256229400635,"[(5, 0.06461706), (12, 0.9274257)]"
911,911,12.0,0.7457514405250549,"[(4, 0.112115294), (10, 0.13534693), (12, 0.74575144)]"
912,912,12.0,0.988328218460083,"[(12, 0.9883282)]"
913,913,14.0,0.9958499073982239,"[(14, 0.9958499)]"
914,914,12.0,0.5563569068908691,"[(4, 0.433677), (12, 0.5563569)]"
915,915,13.0,0.9690255522727966,"[(10, 0.02414559), (13, 0.96902555)]"
916,916,9.0,0.4197417199611664,"[(4, 0.10589246), (6, 0.08435879), (9, 0.41974172), (11, 0.1431239), (13, 0.24246444)]"
917,917,11.0,0.9943419694900513,"[(11, 0.99434197)]"
918,918,4.0,0.3102155923843384,"[(4, 0.3102156), (7, 0.20474268), (12, 0.21845768), (14, 0.26066628)]"
919,919,12.0,0.9912697672843933,"[(12, 0.9912698)]"
920,920,8.0,0.9925907254219055,"[(8, 0.9925908)]"
921,921,9.0,0.6629311442375183,"[(2, 0.32965645), (9, 0.66293114)]"
922,922,5.0,0.8152913451194763,"[(2, 0.04460094), (5, 0.81529135), (8, 0.03730036), (9, 0.09642418)]"
923,923,9.0,0.8616925477981567,"[(9, 0.86169255), (14, 0.120607756)]"
924,924,10.0,0.9716977477073669,"[(10, 0.97169775)]"
925,925,0.0,0.9666187167167664,"[(0, 0.9666187), (3, 0.029884571)]"
926,926,14.0,0.44241178035736084,"[(5, 0.4244456), (12, 0.12566227), (14, 0.44241175)]"
927,927,13.0,0.9945404529571533,"[(13, 0.99454045)]"
928,928,1.0,0.9873811602592468,"[(1, 0.98738116)]"
929,929,14.0,0.7411507964134216,"[(7, 0.1108472), (10, 0.13991003), (14, 0.7411508)]"
930,930,10.0,0.9496747851371765,"[(7, 0.042137094), (10, 0.9496748)]"
931,931,13.0,0.5195728540420532,"[(13, 0.51957285), (14, 0.47307688)]"
932,932,4.0,0.5926108360290527,"[(4, 0.59261084), (14, 0.39706254)]"
933,933,7.0,0.9880286455154419,"[(7, 0.98802865)]"
934,934,2.0,0.689290463924408,"[(2, 0.68929046), (7, 0.20038654), (14, 0.100673564)]"
935,935,10.0,0.9839004874229431,"[(10, 0.9839004)]"
936,936,8.0,0.6317847371101379,"[(1, 0.35776514), (8, 0.63178474)]"
937,937,3.0,0.43649858236312866,"[(1, 0.17295386), (3, 0.43649858), (8, 0.37742305)]"
938,938,0.0,0.9883279204368591,"[(0, 0.988328)]"
939,939,12.0,0.7493542432785034,"[(6, 0.24486451), (12, 0.74935424)]"
940,940,9.0,0.7268756031990051,"[(3, 0.2008475), (9, 0.7268756)]"
941,941,14.0,0.5966601967811584,"[(0, 0.05146667), (9, 0.29369965), (12, 0.05162218), (14, 0.5966602)]"
942,942,11.0,0.9948127269744873,"[(11, 0.9948127)]"
943,943,9.0,0.9540807604789734,"[(2, 0.03850853), (9, 0.95408076)]"
944,944,12.0,0.35737931728363037,"[(8, 0.29514104), (9, 0.08387146), (11, 0.25580236), (12, 0.35737932)]"
945,945,14.0,0.9801297783851624,"[(14, 0.98012984)]"
946,946,0.0,0.7135276198387146,"[(0, 0.7135276), (2, 0.040266924), (11, 0.13523167), (13, 0.10263448)]"
947,947,13.0,0.6817765235900879,"[(3, 0.31068274), (13, 0.6817765)]"
948,948,6.0,0.9190027117729187,"[(6, 0.9190027), (7, 0.073890254)]"
949,949,6.0,0.5067350268363953,"[(0, 0.4883098), (6, 0.506735)]"
950,950,11.0,0.7613956928253174,"[(2, 0.08421878), (11, 0.7613957), (14, 0.13804732)]"
951,951,6.0,0.9922189116477966,"[(6, 0.992219)]"
952,952,2.0,0.6095956563949585,"[(2, 0.60959566), (12, 0.37942386)]"
953,953,8.0,0.9017664790153503,"[(6, 0.087106094), (8, 0.9017665)]"
954,954,2.0,0.9886134266853333,"[(2, 0.9886134)]"
955,955,6.0,0.9835383892059326,"[(6, 0.9835383), (10, 0.010973818)]"
956,956,4.0,0.5855020880699158,"[(4, 0.5855021), (10, 0.22991158), (12, 0.17470443)]"
957,957,10.0,0.7544357180595398,"[(10, 0.7544357), (11, 0.03185378), (12, 0.11088639), (14, 0.088416964)]"
958,958,4.0,0.8726382851600647,"[(0, 0.11638026), (4, 0.8726382)]"
959,959,12.0,0.585854172706604,"[(4, 0.047123667), (9, 0.36129776), (12, 0.5858542)]"
960,960,7.0,0.9950858354568481,"[(7, 0.99508584)]"
961,961,8.0,0.9736881256103516,"[(0, 0.021024616), (8, 0.9736881)]"
962,962,13.0,0.42024877667427063,"[(0, 0.032874007), (5, 0.33600518), (7, 0.08770681), (10, 0.11924112), (13, 0.42024878)]"
963,963,10.0,0.9792484641075134,"[(10, 0.97924846)]"
964,964,10.0,0.4611619710922241,"[(0, 0.016673656), (1, 0.016673656), (2, 0.016673636), (3, 0.016673675), (4, 0.016673636), (5, 0.016673641), (6, 0.32208058), (7, 0.016673636), (8, 0.016673645), (9, 0.016673647), (10, 0.46116197), (11, 0.016673647), (12, 0.016673636), (13, 0.016673665), (14, 0.016673643)]"
965,965,6.0,0.5876288414001465,"[(3, 0.17800872), (6, 0.58762884), (8, 0.22708413)]"
966,966,2.0,0.9886136054992676,"[(2, 0.98861367)]"
967,967,8.0,0.5770163536071777,"[(8, 0.57701635), (11, 0.4132372)]"
968,968,3.0,0.9895094037055969,"[(3, 0.9895094)]"
969,969,2.0,0.6389506459236145,"[(2, 0.63895065), (11, 0.34865847)]"
970,970,0.0,0.8414406180381775,"[(0, 0.8414406), (2, 0.1517314)]"
971,971,2.0,0.935522198677063,"[(2, 0.9355222), (14, 0.048418373)]"
972,972,2.0,0.7378575205802917,"[(2, 0.7378575), (12, 0.2209359), (14, 0.025188783)]"
973,973,11.0,0.6890321373939514,"[(3, 0.30254936), (11, 0.68903214)]"
974,974,3.0,0.5281806588172913,"[(3, 0.52818066), (6, 0.45887)]"
975,975,11.0,0.9946339130401611,"[(11, 0.9946339)]"
976,976,3.0,0.9877156615257263,"[(3, 0.9877157)]"
977,977,7.0,0.5508665442466736,"[(4, 0.36032277), (7, 0.55086654), (14, 0.07279815)]"
978,978,4.0,0.6578983068466187,"[(1, 0.019263076), (4, 0.6578983), (5, 0.098783456), (12, 0.2146375)]"
979,979,5.0,0.5000907778739929,"[(5, 0.5000908), (7, 0.39737558), (11, 0.09607946)]"
980,980,14.0,0.9918111562728882,"[(14, 0.99181116)]"
981,981,1.0,0.9816893339157104,"[(1, 0.9816894)]"
982,982,7.0,0.5638031959533691,"[(7, 0.5638032), (10, 0.255456), (14, 0.17533189)]"
983,983,10.0,0.7143827080726624,"[(7, 0.21977562), (10, 0.7143827), (11, 0.05775089)]"
984,984,6.0,0.9273338913917542,"[(6, 0.9273339), (7, 0.043598082), (12, 0.021723809)]"
985,985,10.0,0.7850398421287537,"[(2, 0.041951895), (3, 0.16430543), (10, 0.78503984)]"
986,986,11.0,0.9958139061927795,"[(11, 0.99581385)]"
987,987,9.0,0.364385724067688,"[(9, 0.36438572), (10, 0.31842354), (13, 0.3106284)]"
988,988,7.0,0.9928184747695923,"[(7, 0.9928185)]"
989,989,2.0,0.6470931172370911,"[(0, 0.045163773), (2, 0.6470931), (4, 0.13547865), (5, 0.16419569)]"
990,990,10.0,0.9864688515663147,"[(10, 0.98646885)]"
991,991,11.0,0.46979963779449463,"[(6, 0.4314784), (7, 0.09163926), (11, 0.4697996)]"
992,992,9.0,0.993032693862915,"[(9, 0.9930327)]"
993,993,10.0,0.989270031452179,"[(10, 0.98927003)]"
994,994,11.0,0.8778107762336731,"[(9, 0.11776123), (11, 0.8778108)]"
995,995,12.0,0.9860667586326599,"[(12, 0.9860667)]"
996,996,2.0,0.9838994145393372,"[(2, 0.9838995)]"
997,997,11.0,0.7251653075218201,"[(2, 0.2680062), (11, 0.7251653)]"
998,998,6.0,0.4638390839099884,"[(1, 0.25737724), (6, 0.46383905), (9, 0.27298304)]"
999,999,2.0,0.8127724528312683,"[(2, 0.81277245), (9, 0.17871931)]"
1000,1000,4.0,0.9805432558059692,"[(4, 0.9805433)]"
1001,1001,8.0,0.9918820261955261,"[(8, 0.991882)]"
1002,1002,14.0,0.9854057431221008,"[(14, 0.98540574)]"
1003,1003,9.0,0.5030412077903748,"[(2, 0.47995546), (9, 0.5030412)]"
1004,1004,6.0,0.8831394910812378,"[(6, 0.88313943)]"
1005,1005,4.0,0.47950541973114014,"[(3, 0.15595698), (4, 0.4795054), (9, 0.35048145)]"
1006,1006,4.0,0.9476379752159119,"[(4, 0.947638), (5, 0.04191168)]"
1007,1007,0.0,0.988031268119812,"[(0, 0.98803127)]"
1008,1008,0.0,0.958864152431488,"[(0, 0.9588642), (12, 0.030937472)]"
1009,1009,4.0,0.9841781854629517,"[(4, 0.9841781)]"
1010,1010,6.0,0.9805476665496826,"[(6, 0.9805477)]"
1011,1011,14.0,0.9883293509483337,"[(14, 0.98832935)]"
1012,1012,9.0,0.8574109077453613,"[(9, 0.8574109), (11, 0.1334602)]"
1013,1013,6.0,0.5963621139526367,"[(6, 0.5963621), (12, 0.392375)]"
1014,1014,2.0,0.5295794010162354,"[(2, 0.5295794), (10, 0.34656072)]"
1015,1015,12.0,0.9886125922203064,"[(12, 0.9886126)]"
1016,1016,13.0,0.5133413076400757,"[(7, 0.47644934), (13, 0.5133413)]"
1017,1017,7.0,0.35748401284217834,"[(0, 0.33935103), (7, 0.357484), (9, 0.29789868)]"
1018,1018,13.0,0.7803677320480347,"[(4, 0.20295438), (13, 0.78036773)]"
1019,1019,13.0,0.9860616326332092,"[(13, 0.98606163)]"
1020,1020,7.0,0.9934716820716858,"[(7, 0.9934717)]"
1021,1021,0.0,0.9932347536087036,"[(0, 0.99323475)]"
1022,1022,9.0,0.4595429301261902,"[(2, 0.12578952), (4, 0.3473558), (8, 0.060319487), (9, 0.45954296)]"
1023,1023,1.0,0.9038189649581909,"[(1, 0.90381896), (8, 0.08830013)]"
1024,1024,9.0,0.9941998720169067,"[(9, 0.9941998)]"
1025,1025,12.0,0.9911074042320251,"[(12, 0.99110734)]"
1026,1026,1.0,0.798560619354248,"[(1, 0.7985606), (4, 0.19318253)]"
1027,1027,1.0,0.5158647298812866,"[(1, 0.51586473), (8, 0.4789739)]"
1028,1028,0.0,0.76297926902771,"[(0, 0.76297927), (1, 0.1665139), (7, 0.060864504)]"
1029,1029,9.0,0.6353364586830139,"[(5, 0.35859922), (9, 0.63533646)]"
1030,1030,2.0,0.9917383790016174,"[(2, 0.9917383)]"
1031,1031,10.0,0.9892697930335999,"[(10, 0.9892698)]"
1032,1032,11.0,0.9947553873062134,"[(11, 0.9947554)]"
1033,1033,4.0,0.921521782875061,"[(4, 0.9215217), (9, 0.07200228)]"
1034,1034,5.0,0.798182487487793,"[(4, 0.1932337), (5, 0.7981825)]"
1035,1035,5.0,0.9698589444160461,"[(5, 0.96985894)]"
1036,1036,5.0,0.6068673133850098,"[(1, 0.38702565), (5, 0.6068673)]"
1037,1037,4.0,0.9672619104385376,"[(1, 0.024401814), (4, 0.9672619)]"
1038,1038,9.0,0.6039883494377136,"[(9, 0.60398835), (11, 0.38697913)]"
1039,1039,12.0,0.9878760576248169,"[(12, 0.98787606)]"
1040,1040,4.0,0.9870330095291138,"[(4, 0.987033)]"
1041,1041,13.0,0.9950603246688843,"[(13, 0.9950603)]"
1042,1042,1.0,0.9924711585044861,"[(1, 0.99247116)]"
1043,1043,3.0,0.5701926350593567,"[(3, 0.57019264), (9, 0.4175909)]"
1044,1044,2.0,0.622060239315033,"[(2, 0.62206024), (11, 0.11602636), (12, 0.25598428)]"
1045,1045,11.0,0.9955329895019531,"[(11, 0.99553305)]"
1046,1046,11.0,0.8591989874839783,"[(4, 0.12345349), (11, 0.859199)]"
1047,1047,14.0,0.58531653881073,"[(7, 0.4066547), (14, 0.58531654)]"
1048,1048,14.0,0.9866622090339661,"[(14, 0.9866622)]"
1049,1049,14.0,0.6984413266181946,"[(7, 0.14626122), (12, 0.14721301), (14, 0.6984413)]"
1050,1050,12.0,0.9891446828842163,"[(12, 0.9891447)]"
1051,1051,14.0,0.5621663928031921,"[(3, 0.14079955), (4, 0.08100681), (12, 0.20419014), (14, 0.5621664)]"
1052,1052,3.0,0.4417106509208679,"[(3, 0.44171062), (4, 0.23327917), (12, 0.31404725)]"
1053,1053,12.0,0.9883307814598083,"[(12, 0.98833084)]"
1054,1054,12.0,0.9905704855918884,"[(12, 0.9905705)]"
1055,1055,12.0,0.9891444444656372,"[(12, 0.98914444)]"
1056,1056,12.0,0.9920881390571594,"[(12, 0.9920882)]"
1057,1057,12.0,0.9872108697891235,"[(12, 0.98721087)]"
1058,1058,9.0,0.9146439433097839,"[(9, 0.914644), (11, 0.07732433)]"
1059,1059,8.0,0.5514739751815796,"[(7, 0.1150781), (8, 0.551474), (9, 0.16625507), (13, 0.15999287)]"
1060,1060,6.0,0.848442554473877,"[(6, 0.84844255), (9, 0.1466036)]"
1061,1061,7.0,0.5721297264099121,"[(6, 0.2611105), (7, 0.5721297), (12, 0.15941581)]"
1062,1062,9.0,0.9902740716934204,"[(9, 0.990274)]"
1063,1063,14.0,0.5800310373306274,"[(7, 0.051523816), (9, 0.36096463), (14, 0.58003104)]"
1064,1064,7.0,0.9823813438415527,"[(7, 0.98238134)]"
1065,1065,1.0,0.9002350568771362,"[(1, 0.90023506), (12, 0.084814385)]"
1066,1066,7.0,0.7170987725257874,"[(7, 0.7170988), (14, 0.2744018)]"
1067,1067,10.0,0.988031268119812,"[(10, 0.98803127)]"
1068,1068,6.0,0.9911894202232361,"[(6, 0.99118936)]"
1069,1069,0.0,0.9921543002128601,"[(0, 0.9921543)]"
1070,1070,5.0,0.9925904273986816,"[(5, 0.9925905)]"
1071,1071,3.0,0.9956777095794678,"[(3, 0.9956777)]"
1072,1072,3.0,0.9892690181732178,"[(3, 0.98926896)]"
1073,1073,11.0,0.9934715032577515,"[(11, 0.99347144)]"
1074,1074,4.0,0.9590014219284058,"[(4, 0.9590014), (5, 0.033326656)]"
1075,1075,4.0,0.5084328651428223,"[(2, 0.48346362), (4, 0.50843287)]"
1076,1076,5.0,0.9357613325119019,"[(5, 0.93576133), (6, 0.06031398)]"
1077,1077,14.0,0.9924696087837219,"[(14, 0.9924696)]"
1078,1078,13.0,0.8234339952468872,"[(2, 0.16682388), (13, 0.823434)]"
1079,1079,6.0,0.6810452342033386,"[(6, 0.68104523), (10, 0.1241424), (11, 0.18905471)]"
1080,1080,7.0,0.4640740752220154,"[(3, 0.3148756), (5, 0.21479352), (7, 0.46407408)]"
1081,1081,4.0,0.6227379441261292,"[(4, 0.62273794), (5, 0.12946261), (7, 0.24089874)]"
1082,1082,11.0,0.9955325126647949,"[(11, 0.99553245)]"
1083,1083,4.0,0.9933305978775024,"[(4, 0.9933306)]"
1084,1084,11.0,0.6268888711929321,"[(1, 0.36717123), (11, 0.6268889)]"
1085,1085,4.0,0.6482105851173401,"[(0, 0.21195696), (4, 0.6482106), (9, 0.12982653)]"
1086,1086,13.0,0.839998185634613,"[(13, 0.8399982), (14, 0.15332709)]"
1087,1087,11.0,0.9931858777999878,"[(11, 0.9931859)]"
1088,1088,9.0,0.991512656211853,"[(9, 0.99151266)]"
1089,1089,11.0,0.9914363026618958,"[(11, 0.99143624)]"
1090,1090,13.0,0.5953367948532104,"[(4, 0.1252725), (5, 0.27303848), (13, 0.5953368)]"
1091,1091,11.0,0.9897401332855225,"[(11, 0.98974013)]"
1092,1092,4.0,0.5279480218887329,"[(4, 0.527948), (5, 0.46282673)]"
1093,1093,7.0,0.9895089268684387,"[(7, 0.9895089)]"
1094,1094,11.0,0.5292339324951172,"[(6, 0.4639398), (11, 0.52923393)]"
1095,1095,14.0,0.7759799361228943,"[(5, 0.20880271), (14, 0.77597994)]"
1096,1096,13.0,0.8200226426124573,"[(4, 0.052797195), (10, 0.11969802), (13, 0.82002264)]"
1097,1097,11.0,0.5105080008506775,"[(3, 0.06877348), (9, 0.41455805), (11, 0.510508)]"
1098,1098,2.0,0.9801276326179504,"[(2, 0.98012763)]"
1099,1099,13.0,0.6528511643409729,"[(9, 0.10237394), (11, 0.23787493), (13, 0.65285116)]"
1100,1100,11.0,0.4052813947200775,"[(8, 0.3417555), (9, 0.2461781), (11, 0.4052814)]"
1101,1101,13.0,0.9898489117622375,"[(13, 0.98984885)]"
1102,1102,14.0,0.6615481376647949,"[(12, 0.32239187), (14, 0.66154814)]"
1103,1103,13.0,0.469334214925766,"[(4, 0.13708216), (8, 0.2931283), (10, 0.090530455), (13, 0.46933424)]"
1104,1104,6.0,0.6153070330619812,"[(2, 0.36892074), (6, 0.61530703)]"
1105,1105,5.0,0.9918802976608276,"[(5, 0.9918803)]"
1106,1106,4.0,0.7038050889968872,"[(0, 0.2832493), (4, 0.7038051)]"
1107,1107,6.0,0.7523796558380127,"[(0, 0.24236515), (6, 0.75237966)]"
1108,1108,14.0,0.9875504970550537,"[(14, 0.9875505)]"
1109,1109,10.0,0.5941274166107178,"[(1, 0.39784202), (10, 0.5941274)]"
1110,1110,13.0,0.7433115839958191,"[(12, 0.2459814), (13, 0.7433116)]"
1111,1111,5.0,0.6313943266868591,"[(2, 0.35461324), (5, 0.6313943)]"
1112,1112,1.0,0.7706771492958069,"[(1, 0.77067715), (9, 0.21979408)]"
1113,1113,2.0,0.8382088541984558,"[(1, 0.1508117), (2, 0.83820885)]"
1114,1114,3.0,0.6934316754341125,"[(3, 0.6934317), (7, 0.29762903)]"
1115,1115,7.0,0.9925313591957092,"[(7, 0.99253136)]"
1116,1116,6.0,0.5371922850608826,"[(6, 0.5371923), (7, 0.1450201), (11, 0.31122726)]"
1117,1117,13.0,0.9918090105056763,"[(13, 0.991809)]"
1118,1118,10.0,0.9862638711929321,"[(10, 0.9862639)]"
1119,1119,10.0,0.5423167943954468,"[(8, 0.45000732), (10, 0.5423168)]"
1120,1120,13.0,0.994723916053772,"[(13, 0.9947239)]"
1121,1121,2.0,0.9942725896835327,"[(2, 0.99427253)]"
1122,1122,2.0,0.49465107917785645,"[(2, 0.4946511), (9, 0.28287053), (11, 0.12317925), (13, 0.09333368)]"
1123,1123,13.0,0.9868423938751221,"[(13, 0.9868424)]"
1124,1124,10.0,0.9880287051200867,"[(10, 0.98802876)]"
1125,1125,1.0,0.844325065612793,"[(0, 0.011119641), (1, 0.84432507), (2, 0.0111196395), (3, 0.011119637), (4, 0.01111964), (5, 0.011119638), (6, 0.011119644), (7, 0.011119634), (8, 0.011119637), (9, 0.011119633), (10, 0.011119659), (11, 0.011119634), (12, 0.01111964), (13, 0.011119643), (14, 0.011119644)]"
1126,1126,8.0,0.6023269891738892,"[(5, 0.026116624), (7, 0.09800077), (8, 0.602327), (9, 0.26811785)]"
1127,1127,6.0,0.9927059412002563,"[(6, 0.99270594)]"
1128,1128,13.0,0.6879833936691284,"[(3, 0.29867494), (13, 0.6879834)]"
1129,1129,12.0,0.5553420782089233,"[(4, 0.43598643), (12, 0.5553421)]"
1130,1130,10.0,0.9893906712532043,"[(10, 0.9893906)]"
1131,1131,5.0,0.6167367100715637,"[(5, 0.6167367), (6, 0.12605438), (9, 0.25249743)]"
1132,1132,10.0,0.9935619831085205,"[(10, 0.993562)]"
1133,1133,7.0,0.9487669467926025,"[(1, 0.043491896), (7, 0.9487669)]"
1134,1134,9.0,0.7918612360954285,"[(0, 0.08314531), (7, 0.11268092), (9, 0.79186124)]"
1135,1135,11.0,0.5891318321228027,"[(7, 0.20931675), (9, 0.19385485), (11, 0.58913183)]"
1136,1136,9.0,0.3761100769042969,"[(0, 0.3534102), (5, 0.26196268), (9, 0.37611008)]"
1137,1137,10.0,0.5008171200752258,"[(4, 0.3884593), (10, 0.5008171), (11, 0.09820843)]"
1138,1138,7.0,0.9108952879905701,"[(7, 0.91089535), (10, 0.07576285)]"
1139,1139,3.0,0.9809445142745972,"[(3, 0.98094445)]"
1140,1140,11.0,0.7902320623397827,"[(11, 0.79023206), (12, 0.19091414)]"
1141,1141,7.0,0.43586114048957825,"[(4, 0.21480164), (6, 0.3319316), (7, 0.43586117)]"
1142,1142,4.0,0.5456314086914062,"[(4, 0.5456314), (8, 0.4474884)]"
1143,1143,12.0,0.49232158064842224,"[(8, 0.1606947), (12, 0.4923216), (13, 0.3334147)]"
1144,1144,13.0,0.8011018633842468,"[(2, 0.11618545), (12, 0.07142566), (13, 0.80110186)]"
1145,1145,13.0,0.9945083856582642,"[(13, 0.9945084)]"
1146,1146,8.0,0.5872082710266113,"[(5, 0.402216), (8, 0.5872083)]"
1147,1147,13.0,0.9951120615005493,"[(13, 0.99511206)]"
1148,1148,13.0,0.9037625193595886,"[(4, 0.014083317), (13, 0.9037625), (14, 0.07553912)]"
1149,1149,14.0,0.9905691742897034,"[(14, 0.9905691)]"
1150,1150,5.0,0.5928198099136353,"[(5, 0.5928198), (9, 0.36257324), (10, 0.035507962)]"
1151,1151,5.0,0.9640593528747559,"[(5, 0.96405935), (14, 0.026499914)]"
1152,1152,14.0,0.8488812446594238,"[(0, 0.06315634), (7, 0.07831672), (14, 0.84888124)]"
1153,1153,11.0,0.9927069544792175,"[(11, 0.99270695)]"
1154,1154,4.0,0.7487037181854248,"[(1, 0.24235505), (4, 0.7487037)]"
1155,1155,12.0,0.9922829270362854,"[(12, 0.9922829)]"
1156,1156,4.0,0.9155266284942627,"[(4, 0.9155267), (6, 0.033790976), (8, 0.045610532)]"
1157,1157,13.0,0.534316897392273,"[(7, 0.45604497), (13, 0.5343169)]"
1158,1158,6.0,0.9893879890441895,"[(6, 0.989388)]"
1159,1159,14.0,0.9964635372161865,"[(14, 0.9964635)]"
1160,1160,8.0,0.9933779835700989,"[(8, 0.99337804)]"
1161,1161,6.0,0.8029853105545044,"[(5, 0.18816344), (6, 0.8029853)]"
1162,1162,5.0,0.9939767122268677,"[(5, 0.9939767)]"
1163,1163,2.0,0.7308309078216553,"[(2, 0.7308309), (8, 0.254217)]"
1164,1164,2.0,0.3865969181060791,"[(2, 0.38659692), (9, 0.2921347), (14, 0.31551048)]"
1165,1165,7.0,0.9866611957550049,"[(7, 0.98666114)]"
1166,1166,8.0,0.8365577459335327,"[(8, 0.83655775), (11, 0.15745984)]"
1167,1167,10.0,0.734071671962738,"[(7, 0.25043342), (10, 0.7340717)]"
1168,1168,7.0,0.8687169551849365,"[(1, 0.120708086), (7, 0.86871696)]"
1169,1169,11.0,0.6649845242500305,"[(5, 0.33072287), (11, 0.6649845)]"
1170,1170,7.0,0.9942013025283813,"[(7, 0.9942013)]"
1171,1171,1.0,0.6444469094276428,"[(1, 0.6444469), (14, 0.34350947)]"
1172,1172,11.0,0.522820234298706,"[(9, 0.3507091), (11, 0.52282023), (13, 0.120538175)]"
1173,1173,3.0,0.7565947771072388,"[(1, 0.12006796), (2, 0.10929544), (3, 0.7565948)]"
1174,1174,3.0,0.993032693862915,"[(3, 0.9930327)]"
1175,1175,4.0,0.9725244641304016,"[(4, 0.9725244)]"
1176,1176,10.0,0.6958328485488892,"[(10, 0.69583285), (12, 0.29396662)]"
1177,1177,12.0,0.9898536205291748,"[(12, 0.98985356)]"
1178,1178,7.0,0.7636032700538635,"[(7, 0.76360327), (10, 0.23065321)]"
1179,1179,11.0,0.6208531260490417,"[(4, 0.056698997), (7, 0.31688845), (11, 0.6208531)]"
1180,1180,6.0,0.9931356310844421,"[(6, 0.9931356)]"
1181,1181,10.0,0.9907544851303101,"[(10, 0.99075454)]"
1182,1182,12.0,0.9851812720298767,"[(12, 0.9851813)]"
1183,1183,5.0,0.8782809972763062,"[(2, 0.09443155), (5, 0.878281), (9, 0.021401405)]"
1184,1184,6.0,0.39904260635375977,"[(6, 0.3990426), (7, 0.19725886), (11, 0.395928)]"
1185,1185,9.0,0.7438844442367554,"[(1, 0.25082773), (9, 0.74388444)]"
1186,1186,4.0,0.9914345741271973,"[(4, 0.9914345)]"
1187,1187,3.0,0.990570068359375,"[(3, 0.9905701)]"
1188,1188,5.0,0.9962653517723083,"[(5, 0.99626535)]"
1189,1189,6.0,0.9920880794525146,"[(6, 0.992088)]"
1190,1190,13.0,0.9893884658813477,"[(13, 0.9893885)]"
1191,1191,5.0,0.9922823309898376,"[(5, 0.99228233)]"
1192,1192,5.0,0.9944751858711243,"[(5, 0.9944752)]"
1193,1193,2.0,0.8539146780967712,"[(2, 0.8539147), (7, 0.13611755)]"
1194,1194,10.0,0.47477656602859497,"[(2, 0.19776668), (9, 0.31893724), (10, 0.47477657)]"
1195,1195,5.0,0.9899595975875854,"[(5, 0.9899596)]"
1196,1196,6.0,0.9890164732933044,"[(6, 0.9890165)]"
1197,1197,9.0,0.4756662845611572,"[(3, 0.4190475), (9, 0.47566628), (13, 0.09639002)]"
1198,1198,5.0,0.8433406352996826,"[(5, 0.84334064), (11, 0.14029741)]"
1199,1199,3.0,0.9838997721672058,"[(3, 0.9838998)]"
1200,1200,0.0,0.969968855381012,"[(0, 0.9699688), (1, 0.023968168)]"
1201,1201,5.0,0.8466430902481079,"[(5, 0.8466431), (10, 0.14147955)]"
1202,1202,4.0,0.6336201429367065,"[(4, 0.63362014), (8, 0.35629496)]"
1203,1203,9.0,0.9913528561592102,"[(9, 0.99135286)]"
1204,1204,2.0,0.9897381067276001,"[(2, 0.98973805)]"
1205,1205,2.0,0.6648616194725037,"[(0, 0.32309175), (2, 0.6648616)]"
1206,1206,7.0,0.9860653877258301,"[(7, 0.9860654)]"
1207,1207,14.0,0.3435325622558594,"[(1, 0.24869356), (4, 0.22618091), (8, 0.17460349), (14, 0.34353256)]"
1208,1208,11.0,0.9913555979728699,"[(11, 0.9913556)]"
1209,1209,10.0,0.6438436508178711,"[(10, 0.64384365), (11, 0.030399807), (12, 0.3183422)]"
1210,1210,12.0,0.765671968460083,"[(12, 0.76567197), (13, 0.22685272)]"
1211,1211,13.0,0.9897354245185852,"[(13, 0.9897354)]"
1212,1212,5.0,0.9866595268249512,"[(5, 0.9866595)]"
1213,1213,13.0,0.9897385835647583,"[(13, 0.98973864)]"
1214,1214,13.0,0.4420603811740875,"[(2, 0.09619261), (7, 0.22487241), (10, 0.23090608), (13, 0.4420604)]"
1215,1215,7.0,0.9929265379905701,"[(7, 0.9929265)]"
1216,1216,10.0,0.6707301139831543,"[(2, 0.3163269), (10, 0.6707301)]"
1217,1217,9.0,0.5295464992523193,"[(0, 0.07700984), (2, 0.048727762), (9, 0.5295465), (11, 0.33627898)]"
1218,1218,8.0,0.5915325284004211,"[(7, 0.39943635), (8, 0.5915325)]"
1219,1219,12.0,0.6571882367134094,"[(4, 0.25155997), (10, 0.06062521), (12, 0.65718824), (14, 0.023885023)]"
1220,1220,10.0,0.6866506338119507,"[(7, 0.29839566), (10, 0.68665063)]"
1221,1221,14.0,0.8152449131011963,"[(7, 0.17599948), (14, 0.8152449)]"
1222,1222,4.0,0.6755377054214478,"[(2, 0.31817654), (4, 0.6755377)]"
1223,1223,4.0,0.9908466935157776,"[(4, 0.99084663)]"
1224,1224,13.0,0.8470935821533203,"[(13, 0.8470936), (14, 0.1395548)]"
1225,1225,1.0,0.9918815493583679,"[(1, 0.99188155)]"
1226,1226,12.0,0.5502635836601257,"[(11, 0.44290757), (12, 0.5502636)]"
1227,1227,4.0,0.6616426706314087,"[(4, 0.6616427), (5, 0.28075287), (8, 0.0503253)]"
1228,1228,13.0,0.7818921208381653,"[(4, 0.029016962), (7, 0.18382367), (13, 0.7818921)]"
1229,1229,7.0,0.7303962111473083,"[(2, 0.26093268), (7, 0.7303962)]"
1230,1230,1.0,0.9813156723976135,"[(1, 0.98131573)]"
1231,1231,1.0,0.38092586398124695,"[(1, 0.38092586), (11, 0.33705065), (13, 0.27417466)]"
1232,1232,9.0,0.9204237461090088,"[(9, 0.92042375), (12, 0.0635169)]"
1233,1233,3.0,0.9940910339355469,"[(3, 0.994091)]"
1234,1234,12.0,0.9898511171340942,"[(12, 0.9898512)]"
1235,1235,8.0,0.6590993404388428,"[(0, 0.33019546), (8, 0.65909934)]"
1236,1236,10.0,0.6639624238014221,"[(10, 0.6639624), (12, 0.32606807)]"
1237,1237,9.0,0.993332028388977,"[(9, 0.99333197)]"
1238,1238,14.0,0.6668187975883484,"[(5, 0.3239539), (14, 0.6668188)]"
1239,1239,8.0,0.59136962890625,"[(8, 0.5913696), (12, 0.3997805)]"
1240,1240,9.0,0.5177425146102905,"[(7, 0.43658835), (9, 0.5177425), (10, 0.039463736)]"
1241,1241,3.0,0.49765971302986145,"[(3, 0.49765968), (4, 0.49237442)]"
1242,1242,2.0,0.9943078756332397,"[(2, 0.9943079)]"
1243,1243,5.0,0.8099039196968079,"[(4, 0.1869304), (5, 0.8099039)]"
1244,1244,4.0,0.989621639251709,"[(4, 0.9896217)]"
1245,1245,10.0,0.9816905856132507,"[(10, 0.9816906)]"
1246,1246,5.0,0.9883263111114502,"[(5, 0.98832625)]"
1247,1247,8.0,0.9877104759216309,"[(8, 0.9877105)]"
1248,1248,2.0,0.9248064756393433,"[(2, 0.9248064), (8, 0.06331061)]"
1249,1249,14.0,0.7395120859146118,"[(7, 0.2427941), (14, 0.7395121)]"
1250,1250,12.0,0.7717059850692749,"[(5, 0.21094875), (12, 0.771706)]"
1251,1251,9.0,0.568881094455719,"[(0, 0.33270156), (1, 0.08774473), (9, 0.5688811)]"
1252,1252,6.0,0.3662410378456116,"[(5, 0.051859368), (6, 0.36624104), (7, 0.1458442), (8, 0.22273986), (13, 0.19815537)]"
1253,1253,9.0,0.9923445582389832,"[(9, 0.9923446)]"
1254,1254,13.0,0.98054039478302,"[(13, 0.98054045)]"
1255,1255,1.0,0.722880482673645,"[(1, 0.7228805), (9, 0.2626636)]"
1256,1256,1.0,0.8582368493080139,"[(1, 0.85823685), (2, 0.12842344)]"
1257,1257,2.0,0.9074301719665527,"[(2, 0.90743023), (9, 0.08145395)]"
1258,1258,0.0,0.9717088341712952,"[(0, 0.97170883)]"
1259,1259,0.0,0.5372243523597717,"[(0, 0.53722435), (9, 0.448322)]"
1260,1260,4.0,0.7402103543281555,"[(4, 0.74021035), (8, 0.25183365)]"
1261,1261,13.0,0.9870262145996094,"[(13, 0.9870263)]"
1262,1262,11.0,0.9873793125152588,"[(11, 0.98737925)]"
1263,1263,11.0,0.9858532547950745,"[(11, 0.9858532)]"
1264,1264,9.0,0.9905678629875183,"[(9, 0.9905678)]"
1265,1265,5.0,0.9457401037216187,"[(5, 0.94574004), (9, 0.043423206)]"
1266,1266,5.0,0.9886111617088318,"[(5, 0.98861116)]"
1267,1267,2.0,0.5728851556777954,"[(2, 0.57288516), (9, 0.40865454)]"
1268,1268,1.0,0.5471527576446533,"[(1, 0.54715276), (9, 0.44362405)]"
1269,1269,1.0,0.9914354681968689,"[(1, 0.99143547)]"
1270,1270,4.0,0.8499409556388855,"[(4, 0.84994096), (9, 0.1421751)]"
1271,1271,10.0,0.6410353183746338,"[(5, 0.3454134), (10, 0.6410353)]"
1272,1272,4.0,0.9932816624641418,"[(4, 0.99328166)]"
1273,1273,6.0,0.9897376894950867,"[(6, 0.9897377)]"
1274,1274,10.0,0.9892657399177551,"[(10, 0.98926574)]"
1275,1275,10.0,0.5009638071060181,"[(4, 0.4868245), (10, 0.5009638)]"
1276,1276,7.0,0.8456406593322754,"[(7, 0.84564066), (11, 0.022093251), (12, 0.11793928)]"
1277,1277,13.0,0.7816424369812012,"[(7, 0.21279635), (13, 0.78164244)]"
1278,1278,10.0,0.9914323091506958,"[(10, 0.9914323)]"
1279,1279,0.0,0.9896223545074463,"[(0, 0.9896224)]"
1280,1280,10.0,0.9922846555709839,"[(10, 0.9922847)]"
1281,1281,13.0,0.6791031956672668,"[(5, 0.0387137), (9, 0.27357554), (13, 0.6791032)]"
1282,1282,7.0,0.9833260178565979,"[(7, 0.98332596)]"
1283,1283,0.0,0.982710599899292,"[(0, 0.98271054)]"
1284,1284,4.0,0.9893893003463745,"[(4, 0.9893893)]"
1285,1285,1.0,0.9878758192062378,"[(1, 0.9878759)]"
1286,1286,8.0,0.7156569361686707,"[(8, 0.71565694), (11, 0.277055)]"
1287,1287,11.0,0.9900643229484558,"[(11, 0.9900643)]"
1288,1288,8.0,0.9813210368156433,"[(8, 0.98132104)]"
1289,1289,2.0,0.44901612401008606,"[(2, 0.44901612), (9, 0.44121516), (10, 0.09744703)]"
1290,1290,2.0,0.9809367060661316,"[(2, 0.9809367)]"
1291,1291,4.0,0.8605494499206543,"[(3, 0.10029505), (4, 0.86054945), (10, 0.033957083)]"
1292,1292,9.0,0.9941261410713196,"[(9, 0.9941261)]"
1293,1293,11.0,0.9873776435852051,"[(11, 0.98737764)]"
1294,1294,4.0,0.7770915627479553,"[(3, 0.012820889), (4, 0.77709156), (11, 0.19926792)]"
1295,1295,12.0,0.5586825013160706,"[(4, 0.4326463), (12, 0.5586825)]"
1296,1296,4.0,0.9920868277549744,"[(4, 0.9920868)]"
1297,1297,14.0,0.6704704761505127,"[(4, 0.31989715), (14, 0.6704705)]"
1298,1298,4.0,0.770398736000061,"[(4, 0.77039874), (10, 0.21996675)]"
1299,1299,4.0,0.6593559980392456,"[(4, 0.659356), (14, 0.33132154)]"
1300,1300,12.0,0.9887511730194092,"[(12, 0.9887512)]"
1301,1301,12.0,0.9872106313705444,"[(12, 0.98721063)]"
1302,1302,7.0,0.9904739260673523,"[(7, 0.9904739)]"
1303,1303,11.0,0.9805415272712708,"[(11, 0.9805415)]"
1304,1304,2.0,0.9928730726242065,"[(2, 0.992873)]"
1305,1305,7.0,0.993185818195343,"[(7, 0.9931858)]"
1306,1306,7.0,0.9936490654945374,"[(7, 0.993649)]"
1307,1307,6.0,0.6084679365158081,"[(6, 0.60846794), (7, 0.38095593)]"
1308,1308,7.0,0.6914445757865906,"[(7, 0.6914446), (11, 0.13420255), (14, 0.15973735)]"
1309,1309,2.0,0.9927069544792175,"[(2, 0.99270695)]"
1310,1310,2.0,0.9920209050178528,"[(2, 0.99202085)]"
1311,1311,7.0,0.9813219308853149,"[(7, 0.98132193)]"
1312,1312,4.0,0.5252166986465454,"[(4, 0.5252167), (10, 0.3020808), (12, 0.16390292)]"
1313,1313,4.0,0.8963122963905334,"[(2, 0.08668459), (4, 0.89631236)]"
1314,1314,14.0,0.5034914612770081,"[(4, 0.48653856), (14, 0.50349146)]"
1315,1315,3.0,0.9878750443458557,"[(3, 0.98787504)]"
1316,1316,2.0,0.9648252129554749,"[(2, 0.9648252), (4, 0.024198601)]"
1317,1317,14.0,0.4972294569015503,"[(2, 0.32745153), (10, 0.16543579), (14, 0.49722946)]"
1318,1318,4.0,0.9823841452598572,"[(4, 0.9823841)]"
1319,1319,2.0,0.7958395481109619,"[(2, 0.79583955), (3, 0.04502508), (10, 0.15088329)]"
1320,1320,11.0,0.4288787245750427,"[(2, 0.32387438), (10, 0.11480592), (11, 0.42887872), (12, 0.12428292)]"
1321,1321,10.0,0.48663946986198425,"[(1, 0.05951298), (2, 0.11152226), (6, 0.33752787), (10, 0.48663944)]"
1322,1322,12.0,0.3213501274585724,"[(2, 0.16979495), (8, 0.14437555), (9, 0.16165295), (12, 0.32135013), (14, 0.18318222)]"
1323,1323,10.0,0.9860671758651733,"[(10, 0.9860671)]"
1324,1324,3.0,0.9533050656318665,"[(3, 0.95330507)]"
1325,1325,11.0,0.9886134266853333,"[(11, 0.9886134)]"
1326,1326,3.0,0.9887510538101196,"[(3, 0.98875105)]"
1327,1327,8.0,0.9419839382171631,"[(8, 0.94198394), (12, 0.046898667)]"
1328,1328,3.0,0.563101589679718,"[(3, 0.5631016), (14, 0.42645106)]"
1329,1329,3.0,0.9919507503509521,"[(3, 0.99195075)]"
1330,1330,2.0,0.6561969518661499,"[(2, 0.65619695), (14, 0.32451653)]"
1331,1331,2.0,0.7215563058853149,"[(2, 0.7215563), (5, 0.2521547)]"
1332,1332,2.0,0.9003680944442749,"[(2, 0.90036803), (8, 0.083863355)]"
1333,1333,9.0,0.6664392948150635,"[(3, 0.20490189), (4, 0.12073209), (9, 0.6664393)]"
1334,1334,0.0,0.9914342164993286,"[(0, 0.9914343)]"
1335,1335,11.0,0.38483771681785583,"[(4, 0.32326362), (11, 0.38483772), (14, 0.27897987)]"
1336,1336,3.0,0.9883293509483337,"[(3, 0.9883294)]"
1337,1337,11.0,0.6433509588241577,"[(1, 0.13856961), (5, 0.21066834), (11, 0.64335096)]"
1338,1338,2.0,0.9909355640411377,"[(2, 0.9909355)]"
1339,1339,12.0,0.573922872543335,"[(3, 0.073477425), (11, 0.3380425), (12, 0.5739229)]"
1340,1340,12.0,0.987210214138031,"[(12, 0.9872103)]"
1341,1341,13.0,0.710188627243042,"[(12, 0.2791056), (13, 0.7101886)]"
1342,1342,12.0,0.9864687323570251,"[(12, 0.98646873)]"
1343,1343,0.0,0.991513192653656,"[(0, 0.9915132)]"
1344,1344,14.0,0.9922849535942078,"[(14, 0.992285)]"
1345,1345,12.0,0.6649708151817322,"[(0, 0.25844964), (3, 0.07259506), (12, 0.6649708)]"
1346,1346,7.0,0.3471507132053375,"[(2, 0.33412442), (7, 0.3471507), (9, 0.14779107), (11, 0.16198081)]"
1347,1347,12.0,0.7760744094848633,"[(7, 0.20923045), (12, 0.7760744)]"
1348,1348,10.0,0.9091012477874756,"[(0, 0.07756097), (10, 0.9091013)]"
1349,1349,6.0,0.9943075776100159,"[(6, 0.9943076)]"
1350,1350,0.0,0.9864649772644043,"[(0, 0.986465)]"
1351,1351,1.0,0.7213079929351807,"[(1, 0.721308), (4, 0.25804746)]"
1352,1352,1.0,0.7677614092826843,"[(0, 0.22390346), (1, 0.7677614)]"
1353,1353,3.0,0.9880296587944031,"[(3, 0.98802966)]"
1354,1354,4.0,0.9883295893669128,"[(4, 0.9883295)]"
1355,1355,10.0,0.9851751327514648,"[(10, 0.98517513)]"
1356,1356,7.0,0.32524293661117554,"[(0, 0.13982758), (1, 0.18255776), (7, 0.32524294), (9, 0.20881276), (10, 0.13488942)]"
1357,1357,2.0,0.9912740588188171,"[(2, 0.9912741)]"
1358,1358,12.0,0.5037386417388916,"[(11, 0.48750144), (12, 0.50373864)]"
1359,1359,2.0,0.9667420983314514,"[(2, 0.96674216), (9, 0.025848087)]"
1360,1360,2.0,0.8771483898162842,"[(2, 0.87714833), (14, 0.114433415)]"
1361,1361,4.0,0.7717558741569519,"[(0, 0.21636008), (4, 0.7717559)]"
1362,1362,4.0,0.9805447459220886,"[(4, 0.98054475)]"
1363,1363,11.0,0.6199508905410767,"[(9, 0.37223846), (11, 0.6199509)]"
1364,1364,9.0,0.8861083388328552,"[(2, 0.10150597), (9, 0.88610834)]"
1365,1365,7.0,0.8584504723548889,"[(7, 0.8584505), (9, 0.070105456), (11, 0.06532857)]"
1366,1366,7.0,0.7115717530250549,"[(7, 0.71157175), (10, 0.278223)]"
1367,1367,6.0,0.922296404838562,"[(6, 0.9222964), (11, 0.06816794)]"
1368,1368,4.0,0.9813220500946045,"[(4, 0.981322)]"
1369,1369,11.0,0.9906648993492126,"[(11, 0.9906649)]"
1370,1370,9.0,0.9943764209747314,"[(9, 0.99437636)]"
1371,1371,5.0,0.9918078184127808,"[(5, 0.99180776)]"
1372,1372,4.0,0.8707183599472046,"[(2, 0.054425847), (4, 0.87071836), (10, 0.06700827)]"
1373,1373,8.0,0.8012242317199707,"[(8, 0.80122423), (12, 0.18934931)]"
1374,1374,12.0,0.9898529052734375,"[(12, 0.98985285)]"
1375,1375,4.0,0.49101367592811584,"[(2, 0.2056051), (4, 0.4910137), (8, 0.29255965)]"
1376,1376,11.0,0.6126823425292969,"[(1, 0.18573785), (6, 0.027620783), (8, 0.16852158), (11, 0.61268234)]"
1377,1377,0.0,0.9930823445320129,"[(0, 0.99308234)]"
1378,1378,13.0,0.6077961921691895,"[(11, 0.38048244), (13, 0.6077962)]"
1379,1379,0.0,0.806024968624115,"[(0, 0.80602497), (7, 0.15504944), (12, 0.03252218)]"
1380,1380,4.0,0.5587567687034607,"[(4, 0.55875677), (10, 0.08773307), (12, 0.3443115)]"
1381,1381,12.0,0.9938973784446716,"[(12, 0.9938974)]"
1382,1382,14.0,0.5549672842025757,"[(4, 0.02883277), (7, 0.40700033), (14, 0.5549673)]"
1383,1383,7.0,0.9892693161964417,"[(7, 0.98926926)]"
1384,1384,6.0,0.6188860535621643,"[(3, 0.37158462), (6, 0.61888605)]"
1385,1385,12.0,0.9900671243667603,"[(12, 0.99006706)]"
1386,1386,11.0,0.5735827684402466,"[(4, 0.40694952), (8, 0.012623648), (11, 0.57358277)]"
1387,1387,10.0,0.6519150733947754,"[(6, 0.33724278), (10, 0.6519151)]"
1388,1388,13.0,0.8425485491752625,"[(5, 0.036715858), (6, 0.1066926), (13, 0.84254855)]"
1389,1389,6.0,0.9930306673049927,"[(6, 0.99303067)]"
1390,1390,8.0,0.9890143275260925,"[(8, 0.9890143)]"
1391,1391,5.0,0.9858484268188477,"[(5, 0.9858484)]"
1392,1392,14.0,0.99188232421875,"[(14, 0.9918823)]"
1393,1393,5.0,0.515657365322113,"[(4, 0.47638327), (5, 0.51565737)]"
1394,1394,14.0,0.7318127751350403,"[(2, 0.2601564), (14, 0.7318128)]"
1395,1395,4.0,0.8347436189651489,"[(1, 0.1580282), (4, 0.8347436)]"
1396,1396,9.0,0.7132908701896667,"[(9, 0.71329087), (12, 0.28003561)]"
1397,1397,9.0,0.599590539932251,"[(2, 0.24857755), (9, 0.59959054), (11, 0.14510429)]"
1398,1398,12.0,0.6537539958953857,"[(6, 0.12807941), (11, 0.20762746), (12, 0.653754)]"
1399,1399,14.0,0.9912747144699097,"[(14, 0.99127465)]"
1400,1400,10.0,0.5394605398178101,"[(0, 0.18691833), (9, 0.16965503), (10, 0.53946054), (11, 0.09377162)]"
1401,1401,10.0,0.9896271824836731,"[(10, 0.9896272)]"
1402,1402,9.0,0.9925312399864197,"[(9, 0.9925313)]"
1403,1403,10.0,0.9860653281211853,"[(10, 0.98606527)]"
1404,1404,4.0,0.8240368962287903,"[(4, 0.8240369), (13, 0.16674119)]"
1405,1405,12.0,0.4574359655380249,"[(10, 0.08484674), (11, 0.18687575), (12, 0.45743594), (13, 0.26357555)]"
1406,1406,2.0,0.9933305978775024,"[(2, 0.9933306)]"
1407,1407,7.0,0.9884753823280334,"[(7, 0.98847544)]"
1408,1408,4.0,0.9897403120994568,"[(4, 0.9897404)]"
1409,1409,0.0,0.6624321937561035,"[(0, 0.6624322), (4, 0.32898188)]"
1410,1410,2.0,0.9766603708267212,"[(2, 0.9766604)]"
1411,1411,10.0,0.47080284357070923,"[(2, 0.3708023), (10, 0.47080284), (12, 0.05179175), (14, 0.09395365)]"
1412,1412,10.0,0.9936911463737488,"[(10, 0.99369115)]"
1413,1413,12.0,0.5000951886177063,"[(2, 0.4937986), (12, 0.5000952)]"
1414,1414,7.0,0.9862706065177917,"[(7, 0.9862706)]"
1415,1415,13.0,0.9881774187088013,"[(13, 0.98817736)]"
1416,1416,4.0,0.8559631705284119,"[(4, 0.8559632), (8, 0.10626766), (10, 0.029428454)]"
1417,1417,14.0,0.611082911491394,"[(12, 0.37917304), (14, 0.6110829)]"
1418,1418,4.0,0.9887497425079346,"[(4, 0.98874974)]"
1419,1419,13.0,0.9833213686943054,"[(13, 0.98332137)]"
1420,1420,4.0,0.9896262884140015,"[(4, 0.9896262)]"
1421,1421,13.0,0.9929260015487671,"[(13, 0.992926)]"
1422,1422,4.0,0.8086914420127869,"[(2, 0.1383352), (4, 0.80869144), (8, 0.039398294)]"
1423,1423,5.0,0.987030029296875,"[(5, 0.98703)]"
1424,1424,7.0,0.4898732602596283,"[(1, 0.12320022), (7, 0.48987323), (9, 0.21174829), (13, 0.16600399)]"
1425,1425,4.0,0.4271276295185089,"[(4, 0.42712763), (8, 0.16889012), (12, 0.394675)]"
1426,1426,11.0,0.3787057399749756,"[(11, 0.37870574), (13, 0.30925488), (14, 0.30352262)]"
1427,1427,8.0,0.812084436416626,"[(7, 0.17888509), (8, 0.81208444)]"
1428,1428,8.0,0.5617328882217407,"[(3, 0.42357245), (8, 0.5617329)]"
1429,1429,0.0,0.6671028137207031,"[(0, 0.6671028), (7, 0.23928164), (9, 0.033623807), (12, 0.054347202)]"
1430,1430,1.0,0.9900662899017334,"[(1, 0.9900663)]"
1431,1431,13.0,0.4786017835140228,"[(1, 0.3034768), (9, 0.2109608), (13, 0.47860178)]"
1432,1432,10.0,0.7204269170761108,"[(3, 0.18716176), (5, 0.08113402), (10, 0.7204269)]"
1433,1433,10.0,0.5207019448280334,"[(3, 0.4753742), (10, 0.52070194)]"
1434,1434,2.0,0.7553440928459167,"[(2, 0.7553441), (5, 0.23277757)]"
1435,1435,0.0,0.9841757416725159,"[(0, 0.98417574)]"
1436,1436,10.0,0.6078575849533081,"[(2, 0.1267247), (9, 0.25031632), (10, 0.6078576)]"
1437,1437,12.0,0.634242832660675,"[(9, 0.35543287), (12, 0.63424283)]"
1438,1438,7.0,0.6048406958580017,"[(7, 0.6048407), (13, 0.38811007)]"
1439,1439,4.0,0.8435789346694946,"[(4, 0.84357893), (8, 0.14544195)]"
1440,1440,13.0,0.9823780655860901,"[(13, 0.98237807)]"
1441,1441,1.0,0.9877130389213562,"[(1, 0.987713)]"
1442,1442,10.0,0.6633539199829102,"[(8, 0.3285379), (10, 0.6633539)]"
1443,1443,0.0,0.9964501261711121,"[(0, 0.99645007)]"
1444,1444,7.0,0.9911929965019226,"[(7, 0.99119294)]"
1445,1445,12.0,0.8131135702133179,"[(10, 0.047594797), (12, 0.8131136), (13, 0.12473991)]"
1446,1446,5.0,0.4115760624408722,"[(0, 0.28986195), (1, 0.0821461), (3, 0.20204255), (5, 0.41157606), (14, 0.011649054)]"
1447,1447,9.0,0.408426433801651,"[(2, 0.32966402), (7, 0.1747803), (9, 0.40842643), (10, 0.081805915)]"
1448,1448,3.0,0.9945082068443298,"[(3, 0.99450815)]"
1449,1449,9.0,0.9922189116477966,"[(9, 0.992219)]"
1450,1450,12.0,0.4752891957759857,"[(4, 0.13455893), (9, 0.38237908), (12, 0.47528917)]"
1451,1451,5.0,0.9967459440231323,"[(5, 0.99674594)]"
1452,1452,2.0,0.9616087079048157,"[(2, 0.9616087), (8, 0.029265333)]"
1453,1453,1.0,0.5182737708091736,"[(1, 0.5182738), (2, 0.46623823)]"
1454,1454,10.0,0.9906615018844604,"[(10, 0.99066156)]"
1455,1455,5.0,0.9474074840545654,"[(5, 0.9474074), (10, 0.04755056)]"
1456,1456,12.0,0.9926473498344421,"[(12, 0.9926474)]"
1457,1457,1.0,0.9947839379310608,"[(1, 0.99478394)]"
1458,1458,4.0,0.8441479802131653,"[(4, 0.844148), (10, 0.01358189), (12, 0.022318866), (13, 0.112440325)]"
1459,1459,14.0,0.8763430118560791,"[(7, 0.11423471), (14, 0.876343)]"
1460,1460,13.0,0.9718407988548279,"[(10, 0.023544153), (13, 0.97184086)]"
1461,1461,14.0,0.9931844472885132,"[(14, 0.99318445)]"
1462,1462,7.0,0.620388388633728,"[(7, 0.6203884), (10, 0.36956322)]"
1463,1463,1.0,0.7238260507583618,"[(1, 0.72382605), (8, 0.2672347)]"
1464,1464,2.0,0.8282977938652039,"[(2, 0.8282978), (9, 0.16508295)]"
1465,1465,4.0,0.4741499423980713,"[(4, 0.47414994), (11, 0.14462505), (13, 0.37388209)]"
1466,1466,11.0,0.9520261287689209,"[(6, 0.039638713), (11, 0.95202607)]"
1467,1467,8.0,0.9820410013198853,"[(8, 0.982041)]"
1468,1468,10.0,0.983618438243866,"[(10, 0.98361844)]"
1469,1469,10.0,0.9922817945480347,"[(10, 0.9922818)]"
1470,1470,6.0,0.8063160181045532,"[(6, 0.806316), (12, 0.1842583)]"
